<?xml version="1.0" encoding="UTF-8"?>
<MF0 version="1.1" packageUris="http://schema.mathworks.com/mf0/ci/19700101 http://schema.mathworks.com/mf0/sl_data_duplicateandconsistencycheck/R2022b http://schema.mathworks.com/mf0/sl_modelref_info/R2023b http://schema.mathworks.com/mf0/slexec_mm_sto/R2023a_202208151321 http://schema.mathworks.com/mf0/sltp_mm/R2023a_202209151115">
<<<<<<< Updated upstream
  <ModelRefInfoRepo.ModelRefInfoRoot type="ModelRefInfoRepo.ModelRefInfoRoot" uuid="34970bf0-36b6-4a54-8f81-9c0ccf2c711f">
    <JITEngines>sfezNIOw28dSmGYbBZigTRG</JITEngines>
    <JITEngines>skdVPFxbLF7wx3HIV2mDERG</JITEngines>
    <childModelRefInfo type="ModelRefInfoRepo.ChildModelRefInfo" uuid="0474859d-8c97-43c9-bf3d-b196ce89e38b">
=======
  <ModelRefInfoRepo.ModelRefInfoRoot type="ModelRefInfoRepo.ModelRefInfoRoot" uuid="64366dcf-7100-427e-b6ec-3e2a8e8ff1ae">
    <JITEngines>sAXJlkMJpEcX7QNKc9D4GNH</JITEngines>
    <JITEngines>sWvfXdpGgKZSTOK29D0GrwB</JITEngines>
    <childModelRefInfo type="ModelRefInfoRepo.ChildModelRefInfo" uuid="cd7bf70b-bfeb-405c-a539-965a008ff039">
>>>>>>> Stashed changes
      <modelName>LeftTurn</modelName>
      <modelPath>LeftTurn</modelPath>
    </childModelRefInfo>
    <compiledTFinal>inf</compiledTFinal>
<<<<<<< Updated upstream
    <dataSourceInfo type="ModelRefInfoRepo.DataSourceInfo" uuid="df57e5e1-1046-4c14-8810-b895e12e0ce0">
      <dataSources type="ModelRefInfoRepo.SourceInfo" uuid="9eff8548-f653-4cca-856b-df3b360b959e">
=======
    <dataSourceInfo type="ModelRefInfoRepo.DataSourceInfo" uuid="99acb45c-b287-4fcf-be89-9cae1966807c">
      <dataSources type="ModelRefInfoRepo.SourceInfo" uuid="5df3271a-3749-4c7a-9ecb-4c8c8dd04fa0">
>>>>>>> Stashed changes
        <includeAllSections>true</includeAllSections>
        <sourceName>base workspace</sourceName>
        <type>BaseWorkspace</type>
      </dataSources>
      <modelName>LeftTurn</modelName>
    </dataSourceInfo>
    <dataTransferInfos>AAFJTQAAAAAOAAAAOAAAAAYAAAAIAAAAAgAAAAAAAAAFAAAACAAAAAAAAAABAAAAAQAAAAAAAAAFAAQAAQAAAAEAAAAAAAAA</dataTransferInfos>
    <defaultsCMapping>{&quot;Inports&quot;:&quot;{\&quot;Name\&quot;:\&quot;Default\&quot;,\&quot;Checksum\&quot;:\&quot;Default\&quot;,\&quot;PerInstancePropertiesChecksum\&quot;:\&quot;\&quot;,\&quot;MemorySectionName\&quot;:\&quot;None\&quot;,\&quot;MemorySectionChecksum\&quot;:\&quot;None\&quot;}&quot;,&quot;Outports&quot;:&quot;{\&quot;Name\&quot;:\&quot;Default\&quot;,\&quot;Checksum\&quot;:\&quot;Default\&quot;,\&quot;PerInstancePropertiesChecksum\&quot;:\&quot;\&quot;,\&quot;MemorySectionName\&quot;:\&quot;None\&quot;,\&quot;MemorySectionChecksum\&quot;:\&quot;None\&quot;}&quot;,&quot;ParameterArguments&quot;:&quot;{\&quot;Name\&quot;:\&quot;Default\&quot;,\&quot;Checksum\&quot;:\&quot;Default\&quot;,\&quot;PerInstancePropertiesChecksum\&quot;:\&quot;\&quot;,\&quot;MemorySectionName\&quot;:\&quot;None\&quot;,\&quot;MemorySectionChecksum\&quot;:\&quot;None\&quot;}&quot;,&quot;LocalParameters&quot;:&quot;{\&quot;Name\&quot;:\&quot;Default\&quot;,\&quot;Checksum\&quot;:\&quot;Default\&quot;,\&quot;PerInstancePropertiesChecksum\&quot;:\&quot;\&quot;,\&quot;MemorySectionName\&quot;:\&quot;None\&quot;,\&quot;MemorySectionChecksum\&quot;:\&quot;None\&quot;}&quot;,&quot;GlobalParameters&quot;:&quot;{\&quot;Name\&quot;:\&quot;Default\&quot;,\&quot;Checksum\&quot;:\&quot;Default\&quot;,\&quot;PerInstancePropertiesChecksum\&quot;:\&quot;\&quot;,\&quot;MemorySectionName\&quot;:\&quot;None\&quot;,\&quot;MemorySectionChecksum\&quot;:\&quot;None\&quot;}&quot;,&quot;InternalData&quot;:&quot;{\&quot;Name\&quot;:\&quot;Default\&quot;,\&quot;Checksum\&quot;:\&quot;Default\&quot;,\&quot;PerInstancePropertiesChecksum\&quot;:\&quot;\&quot;,\&quot;MemorySectionName\&quot;:\&quot;None\&quot;,\&quot;MemorySectionChecksum\&quot;:\&quot;None\&quot;}&quot;,&quot;SharedLocalDataStores&quot;:&quot;{\&quot;Name\&quot;:\&quot;Default\&quot;,\&quot;Checksum\&quot;:\&quot;Default\&quot;,\&quot;PerInstancePropertiesChecksum\&quot;:\&quot;\&quot;,\&quot;MemorySectionName\&quot;:\&quot;None\&quot;,\&quot;MemorySectionChecksum\&quot;:\&quot;None\&quot;}&quot;,&quot;GlobalDataStores&quot;:&quot;{\&quot;Name\&quot;:\&quot;Default\&quot;,\&quot;Checksum\&quot;:\&quot;Default\&quot;,\&quot;PerInstancePropertiesChecksum\&quot;:\&quot;\&quot;,\&quot;MemorySectionName\&quot;:\&quot;None\&quot;,\&quot;MemorySectionChecksum\&quot;:\&quot;None\&quot;}&quot;,&quot;Constants&quot;:&quot;{\&quot;Name\&quot;:\&quot;Default\&quot;,\&quot;Checksum\&quot;:\&quot;Default\&quot;,\&quot;PerInstancePropertiesChecksum\&quot;:\&quot;\&quot;,\&quot;MemorySectionName\&quot;:\&quot;None\&quot;,\&quot;MemorySectionChecksum\&quot;:\&quot;None\&quot;}&quot;,&quot;DataTransfers&quot;:&quot;{\&quot;Name\&quot;:\&quot;Default\&quot;,\&quot;Checksum\&quot;:\&quot;Default\&quot;,\&quot;PerInstancePropertiesChecksum\&quot;:\&quot;\&quot;,\&quot;MemorySectionName\&quot;:\&quot;None\&quot;,\&quot;MemorySectionChecksum\&quot;:\&quot;None\&quot;}&quot;,&quot;ModelData&quot;:&quot;{\&quot;Name\&quot;:\&quot;Default\&quot;,\&quot;Checksum\&quot;:\&quot;Default\&quot;,\&quot;PerInstancePropertiesChecksum\&quot;:\&quot;\&quot;,\&quot;MemorySectionName\&quot;:\&quot;None\&quot;,\&quot;MemorySectionChecksum\&quot;:\&quot;None\&quot;}&quot;,&quot;InitializeTerminate&quot;:&quot;{\&quot;Name\&quot;:\&quot;Default\&quot;,\&quot;Checksum\&quot;:\&quot;Default\&quot;,\&quot;PerInstancePropertiesChecksum\&quot;:\&quot;\&quot;,\&quot;MemorySectionName\&quot;:\&quot;None\&quot;,\&quot;MemorySectionChecksum\&quot;:\&quot;None\&quot;}&quot;,&quot;Execution&quot;:&quot;{\&quot;Name\&quot;:\&quot;Default\&quot;,\&quot;Checksum\&quot;:\&quot;Default\&quot;,\&quot;PerInstancePropertiesChecksum\&quot;:\&quot;\&quot;,\&quot;MemorySectionName\&quot;:\&quot;None\&quot;,\&quot;MemorySectionChecksum\&quot;:\&quot;None\&quot;}&quot;,&quot;SharedUtility&quot;:&quot;{\&quot;Name\&quot;:\&quot;Default\&quot;,\&quot;Checksum\&quot;:\&quot;Default\&quot;,\&quot;PerInstancePropertiesChecksum\&quot;:\&quot;\&quot;,\&quot;MemorySectionName\&quot;:\&quot;None\&quot;,\&quot;MemorySectionChecksum\&quot;:\&quot;None\&quot;}&quot;}</defaultsCMapping>
    <fastestNoncontSigFeedingDerivPorts>-1.0</fastestNoncontSigFeedingDerivPorts>
    <fundamentalSampleTimePeriod>.1</fundamentalSampleTimePeriod>
    <hasBlockWithPeriodicDiscreteSampleTime>true</hasBlockWithPeriodicDiscreteSampleTime>
    <hasBwsAccessed>true</hasBwsAccessed>
    <hasBwsAccessedByAnyModel>true</hasBwsAccessedByAnyModel>
    <hasNonVirtualConstantTs>true</hasNonVirtualConstantTs>
    <hasStatesModifiedInOutputUpdate>true</hasStatesModifiedInOutputUpdate>
    <isBdInSimModeForSimCodegenVariants>false</isBdInSimModeForSimCodegenVariants>
    <loggingSaveFormat>2</loggingSaveFormat>
    <maxFreqHz>-1.0</maxFreqHz>
    <numDStateRecs>4</numDStateRecs>
    <numDataInputPorts>0</numDataInputPorts>
    <numLoggableDStateRecs>4</numLoggableDStateRecs>
    <numLoggableJacobianDStates>2</numLoggableJacobianDStates>
    <runtimeNonFcnCallRateInfos type="ModelRefInfoRepo.RateInfo">
      <compiled>true</compiled>
      <nonFcnCallPartitionName>D1</nonFcnCallPartitionName>
      <period>.1</period>
      <priority>40</priority>
      <rateIdx>0</rateIdx>
    </runtimeNonFcnCallRateInfos>
    <sampleTimeInheritanceRule>2</sampleTimeInheritanceRule>
    <solverStatusFlags>335</solverStatusFlags>
    <timingAndTaskingRegistry>&lt;?xml version=&quot;1.0&quot;?&gt;
&lt;slexec_sto version=&quot;1.1&quot; packageUris=&quot;http://schema.mathworks.com/mf0/slexec_mm_sto/R2023a_202208151321&quot;&gt;
<<<<<<< Updated upstream
  &lt;sto.Registry type=&quot;sto.Registry&quot; uuid=&quot;36a09beb-227a-4e2d-b985-0fa6f48ae560&quot;&gt;
    &lt;executionSpec&gt;Undetermined&lt;/executionSpec&gt;
    &lt;identifier&gt;LeftTurn&lt;/identifier&gt;
    &lt;clockRegistry type=&quot;sto.ClockRegistry&quot; uuid=&quot;6ddac140-2361-411e-9a55-645a4df89b90&quot;&gt;
      &lt;clocks type=&quot;sto.Timer&quot; uuid=&quot;4272cc06-ff97-4f6f-960b-ce5841ab7149&quot;&gt;
        &lt;clockTickConstraint&gt;PeriodicWithFixedResolution&lt;/clockTickConstraint&gt;
        &lt;computedFundamentalDiscretePeriod&gt;.1&lt;/computedFundamentalDiscretePeriod&gt;
        &lt;fastestDiscreteRate type=&quot;sto.ClassicPeriodicDiscreteRate&quot; uuid=&quot;07d6ecd7-4f52-400a-8650-79e4daecd4c0&quot;/&gt;
=======
  &lt;sto.Registry type=&quot;sto.Registry&quot; uuid=&quot;2bf3a7dc-01d3-45cb-89d2-7a228875e82b&quot;&gt;
    &lt;executionSpec&gt;Undetermined&lt;/executionSpec&gt;
    &lt;identifier&gt;LeftTurn&lt;/identifier&gt;
    &lt;clockRegistry type=&quot;sto.ClockRegistry&quot; uuid=&quot;99b32441-9e11-432a-9640-aa828ba39d71&quot;&gt;
      &lt;clocks type=&quot;sto.Timer&quot; uuid=&quot;65fee6c7-4c55-48a0-8e91-68ff194fd2e9&quot;&gt;
        &lt;clockTickConstraint&gt;PeriodicWithFixedResolution&lt;/clockTickConstraint&gt;
        &lt;computedFundamentalDiscretePeriod&gt;.1&lt;/computedFundamentalDiscretePeriod&gt;
        &lt;fastestDiscreteRate type=&quot;sto.ClassicPeriodicDiscreteRate&quot; uuid=&quot;c9ec1779-6cbd-4e56-ac7f-22a8f918c1a3&quot;/&gt;
>>>>>>> Stashed changes
        &lt;isDefaultTimer&gt;true&lt;/isDefaultTimer&gt;
        &lt;resolution&gt;.1&lt;/resolution&gt;
        &lt;timeAdvanceMode&gt;FixedStep&lt;/timeAdvanceMode&gt;
        &lt;identifier&gt;LeftTurn::defaultTimer&lt;/identifier&gt;
<<<<<<< Updated upstream
        &lt;rates type=&quot;sto.ClassicPeriodicDiscreteRate&quot; uuid=&quot;07d6ecd7-4f52-400a-8650-79e4daecd4c0&quot;&gt;
=======
        &lt;rates type=&quot;sto.ClassicPeriodicDiscreteRate&quot; uuid=&quot;c9ec1779-6cbd-4e56-ac7f-22a8f918c1a3&quot;&gt;
>>>>>>> Stashed changes
          &lt;annotation&gt;D1&lt;/annotation&gt;
          &lt;clockId&gt;LeftTurn::defaultTimer&lt;/clockId&gt;
          &lt;description&gt;Discrete 1&lt;/description&gt;
          &lt;taskId&gt;_task0&lt;/taskId&gt;
<<<<<<< Updated upstream
          &lt;rateSpec type=&quot;sto.RateSpec&quot; uuid=&quot;6af17fcf-519a-44de-a056-937131b98c14&quot;&gt;
=======
          &lt;rateSpec type=&quot;sto.RateSpec&quot; uuid=&quot;1483ab26-cef6-4e2b-9424-b11f30fe2e1d&quot;&gt;
>>>>>>> Stashed changes
            &lt;period&gt;.1&lt;/period&gt;
            &lt;rateType&gt;ClassicPeriodicDiscrete&lt;/rateType&gt;
          &lt;/rateSpec&gt;
        &lt;/rates&gt;
<<<<<<< Updated upstream
        &lt;baseRate type=&quot;sto.ClassicPeriodicDiscreteRate&quot; uuid=&quot;c1d120aa-55e6-4ec1-9c27-ed0b9ce9656f&quot;&gt;
=======
        &lt;baseRate type=&quot;sto.ClassicPeriodicDiscreteRate&quot; uuid=&quot;ce93370a-a934-4e70-9fc4-6eb36498662c&quot;&gt;
>>>>>>> Stashed changes
          &lt;annotation&gt;D1&lt;/annotation&gt;
          &lt;clockId&gt;LeftTurn::defaultTimer&lt;/clockId&gt;
          &lt;description&gt;Discrete 1&lt;/description&gt;
          &lt;taskId&gt;_task0&lt;/taskId&gt;
<<<<<<< Updated upstream
          &lt;rateSpec type=&quot;sto.RateSpec&quot; uuid=&quot;8fef8f81-a20a-4065-b2f0-fe617e4f1366&quot;&gt;
=======
          &lt;rateSpec type=&quot;sto.RateSpec&quot; uuid=&quot;064150b0-e13e-4f84-83ca-70bfe3ce744c&quot;&gt;
>>>>>>> Stashed changes
            &lt;period&gt;.1&lt;/period&gt;
            &lt;rateType&gt;ClassicPeriodicDiscrete&lt;/rateType&gt;
          &lt;/rateSpec&gt;
        &lt;/baseRate&gt;
      &lt;/clocks&gt;
<<<<<<< Updated upstream
      &lt;clocks type=&quot;sto.Event&quot; uuid=&quot;3b6b122e-933a-4b7a-8086-3c630c80d5fe&quot;&gt;
=======
      &lt;clocks type=&quot;sto.Event&quot; uuid=&quot;6ee3f263-b955-4e42-9212-1d978fcf0f8d&quot;&gt;
>>>>>>> Stashed changes
        &lt;eventType&gt;PARAMETER_CHANGE_EVENT&lt;/eventType&gt;
        &lt;cNum&gt;1&lt;/cNum&gt;
        &lt;clockType&gt;Event&lt;/clockType&gt;
        &lt;identifier&gt;ParameterChangeEvent&lt;/identifier&gt;
<<<<<<< Updated upstream
        &lt;rates type=&quot;sto.ModelWideEventRate&quot; uuid=&quot;0f0b2ec1-0157-47be-9b15-9f1a3140d3ea&quot;&gt;
=======
        &lt;rates type=&quot;sto.ModelWideEventRate&quot; uuid=&quot;f66da65a-323f-4901-a1f9-68b1f6405ac4&quot;&gt;
>>>>>>> Stashed changes
          &lt;annotation&gt;Inf&lt;/annotation&gt;
          &lt;clockId&gt;ParameterChangeEvent&lt;/clockId&gt;
          &lt;colorIndex&gt;-1&lt;/colorIndex&gt;
          &lt;description&gt;Constant&lt;/description&gt;
          &lt;rateIdx&gt;-1&lt;/rateIdx&gt;
          &lt;taskId&gt;ModelWideParameterChangeEvent&lt;/taskId&gt;
          &lt;useForExecution&gt;NotForExecution&lt;/useForExecution&gt;
<<<<<<< Updated upstream
          &lt;rateSpec type=&quot;sto.RateSpec&quot; uuid=&quot;c5a8243a-4dfc-46e2-90be-9407c46edf53&quot;&gt;
=======
          &lt;rateSpec type=&quot;sto.RateSpec&quot; uuid=&quot;a3a80c96-45b2-4e96-8458-3dac8dc396e0&quot;&gt;
>>>>>>> Stashed changes
            &lt;period&gt;inf&lt;/period&gt;
            &lt;rateType&gt;ModelWideParameterChangeEvent&lt;/rateType&gt;
          &lt;/rateSpec&gt;
        &lt;/rates&gt;
      &lt;/clocks&gt;
      &lt;timeAdvanceMode&gt;FixedStep&lt;/timeAdvanceMode&gt;
    &lt;/clockRegistry&gt;
<<<<<<< Updated upstream
    &lt;taskRegistry type=&quot;sto.TaskRegistry&quot; uuid=&quot;5145b421-aa95-476b-bf17-aba78aa36ec7&quot;&gt;
      &lt;rootTaskHierarchyElements type=&quot;sto.Task&quot; uuid=&quot;e7deee31-0c3d-439c-9a42-16d1afa7a603&quot;&gt;
        &lt;isExplicit&gt;true&lt;/isExplicit&gt;
        &lt;rates type=&quot;sto.ModelWideEventRate&quot; uuid=&quot;f65f45c3-5628-4104-a73b-79d75886c130&quot;&gt;
=======
    &lt;taskRegistry type=&quot;sto.TaskRegistry&quot; uuid=&quot;847026e6-2a84-4d45-83aa-833c9c3ce51f&quot;&gt;
      &lt;rootTaskHierarchyElements type=&quot;sto.Task&quot; uuid=&quot;3e2c47ff-ff91-471c-b151-0f8b122489c0&quot;&gt;
        &lt;isExplicit&gt;true&lt;/isExplicit&gt;
        &lt;rates type=&quot;sto.ModelWideEventRate&quot; uuid=&quot;79ebbbc5-64b1-4865-b18e-d27d89e33454&quot;&gt;
>>>>>>> Stashed changes
          &lt;annotation&gt;Inf&lt;/annotation&gt;
          &lt;clockId&gt;ParameterChangeEvent&lt;/clockId&gt;
          &lt;colorIndex&gt;-1&lt;/colorIndex&gt;
          &lt;description&gt;Constant&lt;/description&gt;
          &lt;rateIdx&gt;-1&lt;/rateIdx&gt;
          &lt;taskId&gt;ModelWideParameterChangeEvent&lt;/taskId&gt;
          &lt;useForExecution&gt;NotForExecution&lt;/useForExecution&gt;
<<<<<<< Updated upstream
          &lt;rateSpec type=&quot;sto.RateSpec&quot; uuid=&quot;f327d83f-1f94-4401-8a01-6390d43f48ce&quot;&gt;
=======
          &lt;rateSpec type=&quot;sto.RateSpec&quot; uuid=&quot;774c8350-433f-41f6-be86-b8e8daddca37&quot;&gt;
>>>>>>> Stashed changes
            &lt;period&gt;inf&lt;/period&gt;
            &lt;rateType&gt;ModelWideParameterChangeEvent&lt;/rateType&gt;
          &lt;/rateSpec&gt;
        &lt;/rates&gt;
        &lt;schedulingClockId&gt;ParameterChangeEvent&lt;/schedulingClockId&gt;
        &lt;timeKeeperClockId&gt;LeftTurn::defaultTimer&lt;/timeKeeperClockId&gt;
        &lt;elementType&gt;Task&lt;/elementType&gt;
        &lt;identifier&gt;ModelWideParameterChangeEvent&lt;/identifier&gt;
        &lt;priority&gt;-1&lt;/priority&gt;
      &lt;/rootTaskHierarchyElements&gt;
<<<<<<< Updated upstream
      &lt;rootTaskHierarchyElements type=&quot;sto.Task&quot; uuid=&quot;8d9eaf2f-9f25-4587-a4ff-1c1dc3573064&quot;&gt;
        &lt;isExecutable&gt;true&lt;/isExecutable&gt;
        &lt;orderIndex&gt;1&lt;/orderIndex&gt;
        &lt;rates type=&quot;sto.ClassicPeriodicDiscreteRate&quot; uuid=&quot;d6b9cadd-16cf-46d5-ace9-790ad26e49d7&quot;&gt;
=======
      &lt;rootTaskHierarchyElements type=&quot;sto.Task&quot; uuid=&quot;4a3ceb0b-743b-4b28-be2a-557551a7bd3b&quot;&gt;
        &lt;isExecutable&gt;true&lt;/isExecutable&gt;
        &lt;orderIndex&gt;1&lt;/orderIndex&gt;
        &lt;rates type=&quot;sto.ClassicPeriodicDiscreteRate&quot; uuid=&quot;375d870a-0784-409e-8f26-de2eaf75c025&quot;&gt;
>>>>>>> Stashed changes
          &lt;annotation&gt;D1&lt;/annotation&gt;
          &lt;clockId&gt;LeftTurn::defaultTimer&lt;/clockId&gt;
          &lt;description&gt;Discrete 1&lt;/description&gt;
          &lt;taskId&gt;_task0&lt;/taskId&gt;
<<<<<<< Updated upstream
          &lt;rateSpec type=&quot;sto.RateSpec&quot; uuid=&quot;021234f1-c97a-4fab-bcd7-3d71d699b054&quot;&gt;
=======
          &lt;rateSpec type=&quot;sto.RateSpec&quot; uuid=&quot;c2b8dc23-cf4d-4590-a5e4-fcfb08975071&quot;&gt;
>>>>>>> Stashed changes
            &lt;period&gt;.1&lt;/period&gt;
            &lt;rateType&gt;ClassicPeriodicDiscrete&lt;/rateType&gt;
          &lt;/rateSpec&gt;
        &lt;/rates&gt;
        &lt;schedulingClockId&gt;LeftTurn::defaultTimer&lt;/schedulingClockId&gt;
        &lt;timeKeeperClockId&gt;LeftTurn::defaultTimer&lt;/timeKeeperClockId&gt;
        &lt;elementType&gt;Task&lt;/elementType&gt;
        &lt;identifier&gt;_task0&lt;/identifier&gt;
        &lt;priority&gt;40&lt;/priority&gt;
      &lt;/rootTaskHierarchyElements&gt;
<<<<<<< Updated upstream
      &lt;taskDependencyGraph type=&quot;sto.SerializedTaskConnectionList&quot; uuid=&quot;1cb3424b-f8ab-4461-8fae-650d64777dbe&quot;&gt;
        &lt;clockIdentifier&gt;LeftTurn::defaultTimer&lt;/clockIdentifier&gt;
        &lt;taskIdentifier&gt;_task0&lt;/taskIdentifier&gt;
      &lt;/taskDependencyGraph&gt;
      &lt;taskDependencyGraph type=&quot;sto.SerializedTaskConnectionList&quot; uuid=&quot;f6163d63-8e4a-42dd-b319-383f418287b3&quot;&gt;
=======
      &lt;taskDependencyGraph type=&quot;sto.SerializedTaskConnectionList&quot; uuid=&quot;f604ec98-e025-40fa-afb7-b314082b3ee9&quot;&gt;
        &lt;clockIdentifier&gt;LeftTurn::defaultTimer&lt;/clockIdentifier&gt;
        &lt;taskIdentifier&gt;_task0&lt;/taskIdentifier&gt;
      &lt;/taskDependencyGraph&gt;
      &lt;taskDependencyGraph type=&quot;sto.SerializedTaskConnectionList&quot; uuid=&quot;5c1dafce-a367-4f3b-8cfb-74ddec37fb75&quot;&gt;
>>>>>>> Stashed changes
        &lt;clockIdentifier&gt;ParameterChangeEvent&lt;/clockIdentifier&gt;
        &lt;taskIdentifier&gt;ModelWideParameterChangeEvent&lt;/taskIdentifier&gt;
      &lt;/taskDependencyGraph&gt;
      &lt;taskPriorityDirection&gt;HighNumberLast&lt;/taskPriorityDirection&gt;
    &lt;/taskRegistry&gt;
  &lt;/sto.Registry&gt;
&lt;/slexec_sto&gt;</timingAndTaskingRegistry>
<<<<<<< Updated upstream
    <FMUBlockMap type="ModelRefInfoRepo.FMUBlockInfo" uuid="ff670ade-40cb-4c8c-8883-674d14ea92a1"/>
    <codeGenInfo type="ModelRefInfoRepo.CodeGenInformation" uuid="1a559533-de07-4eb5-ae77-54ae1673da29"/>
    <compiledVariantInfos type="ModelRefInfoRepo.CompiledVariantInfoMap" uuid="4615dd82-cd02-42c3-bec4-f41afad2f1c1"/>
    <configSettingsForConsistencyChecks type="ModelRefInfoRepo.ConfigSettingsForConsistencyChecks" uuid="6d7ee96e-f51b-46e0-8ec6-a75939060198">
=======
    <FMUBlockMap type="ModelRefInfoRepo.FMUBlockInfo" uuid="e4cd889f-1be8-4565-a9cb-8de348b3fb5b"/>
    <codeGenInfo type="ModelRefInfoRepo.CodeGenInformation" uuid="11dcfc14-9e23-48ea-8f50-d0ebe83661f2"/>
    <compiledVariantInfos type="ModelRefInfoRepo.CompiledVariantInfoMap" uuid="494effe0-488c-4813-bfc7-8b70179973da"/>
    <configSettingsForConsistencyChecks type="ModelRefInfoRepo.ConfigSettingsForConsistencyChecks" uuid="1519e743-86d4-4201-a81c-c227ce32d44c">
>>>>>>> Stashed changes
      <consistentOutportInitialization>true</consistentOutportInitialization>
      <fixedStepSize>.1</fixedStepSize>
      <frameDiagnosticSetting>2</frameDiagnosticSetting>
      <hasHybridSampleTime>true</hasHybridSampleTime>
      <signalLoggingSaveFormat>2</signalLoggingSaveFormat>
      <simSIMDOptimization>1</simSIMDOptimization>
      <solverName>FixedStepDiscrete</solverName>
      <solverType>SOLVER_TYPE_FIXEDSTEP</solverType>
<<<<<<< Updated upstream
      <hardwareSettings type="ModelRefInfoRepo.HardwareSettings" uuid="69432cc0-0122-4991-a754-3760dd33c249">
=======
      <hardwareSettings type="ModelRefInfoRepo.HardwareSettings" uuid="0c72b8a8-bbae-48dc-b532-e75293046bbd">
>>>>>>> Stashed changes
        <prodBitPerChar>8</prodBitPerChar>
        <prodBitPerDouble>64</prodBitPerDouble>
        <prodBitPerFloat>32</prodBitPerFloat>
        <prodBitPerInt>32</prodBitPerInt>
        <prodBitPerLong>32</prodBitPerLong>
        <prodBitPerLongLong>64</prodBitPerLongLong>
        <prodBitPerPointer>32</prodBitPerPointer>
        <prodBitPerPtrDiffT>32</prodBitPerPtrDiffT>
        <prodBitPerShort>16</prodBitPerShort>
        <prodBitPerSizeT>32</prodBitPerSizeT>
        <prodEndianess>1</prodEndianess>
        <prodLargestAtomicFloat>1</prodLargestAtomicFloat>
        <prodLargestAtomicInteger>3</prodLargestAtomicInteger>
        <prodShiftRight>true</prodShiftRight>
        <prodWordSize>32</prodWordSize>
      </hardwareSettings>
    </configSettingsForConsistencyChecks>
<<<<<<< Updated upstream
    <controllableInputRatesMap type="ModelRefInfoRepo.VarTsUIDMap" uuid="e3309528-6c5e-4740-a74f-acb5c1154f56"/>
    <controllableOutputRatesMap type="ModelRefInfoRepo.VarTsUIDMap" uuid="6fe96322-7ec9-4a06-b6dd-7921119dd916"/>
    <dataPortGroup type="ModelRefInfoRepo.DataPortGroup" uuid="787380b9-88aa-46ba-b8b6-e9f3d12c6392"/>
    <expFcnUnconnectedDataPortGroup type="ModelRefInfoRepo.DataPortGroup" uuid="0cad0e64-3e5d-49e4-870e-ff5251b41739"/>
    <interfaceParameterInfo type="ModelRefInfoRepo.InterfaceParameterInfo" uuid="7985914f-ab4b-48f2-ab8f-5a027ef0a560"/>
    <messageInfo type="ModelRefInfoRepo.MessageInformation" uuid="2d14c2d9-fc2b-4a75-9693-4c5073be9454"/>
    <methodInfo type="ModelRefInfoRepo.MethodExistenceInfo" uuid="fb31d3e0-a2c1-4e85-a9f7-eaef53eac46d">
=======
    <controllableInputRatesMap type="ModelRefInfoRepo.VarTsUIDMap" uuid="9c1299ab-5e56-48a7-a337-a6345dbde756"/>
    <controllableOutputRatesMap type="ModelRefInfoRepo.VarTsUIDMap" uuid="446fdd1d-4683-4e0d-b2ad-678b6edb4d55"/>
    <dataPortGroup type="ModelRefInfoRepo.DataPortGroup" uuid="9d13839f-76e4-4bcd-86e9-04a629ec4811"/>
    <expFcnUnconnectedDataPortGroup type="ModelRefInfoRepo.DataPortGroup" uuid="93e296a4-d290-4c2f-a8d0-9b3d43420f9a"/>
    <interfaceParameterInfo type="ModelRefInfoRepo.InterfaceParameterInfo" uuid="970ca4f0-d2dc-4ca3-809e-5ed061c9b4f8"/>
    <messageInfo type="ModelRefInfoRepo.MessageInformation" uuid="eb0ce515-a22f-4919-bdda-949a5f22a4ff"/>
    <methodInfo type="ModelRefInfoRepo.MethodExistenceInfo" uuid="b3722b3b-5ab8-42cf-8472-485968215a21">
>>>>>>> Stashed changes
      <hasDisableMethod>true</hasDisableMethod>
      <hasEnableMethod>true</hasEnableMethod>
      <hasSystemInitializeMethod>true</hasSystemInitializeMethod>
      <hasSystemResetMethod>true</hasSystemResetMethod>
      <hasTerminateMethod>true</hasTerminateMethod>
      <hasUpdateMethod>true</hasUpdateMethod>
    </methodInfo>
<<<<<<< Updated upstream
    <periodicEventPortUnsupportedBlockInfo type="ModelRefInfoRepo.PeriodicEventPortUnsupportedBlockInfo" uuid="92f0a0d8-9f71-4245-8a3e-8f2770ff814f"/>
    <portGroupsRequireSameRate type="ModelRefInfoRepo.PortGroupsRequireSameRate" uuid="1dc78418-4189-44e7-8046-fdea79a304c5">
      <DSMPortGroups type="ModelRefInfoRepo.NameToPortGroupIdxVectMap" uuid="aa1b9001-5ef9-455b-a745-2356283a2f7b"/>
      <GlobalDSMPortGroups type="ModelRefInfoRepo.NameToPortGroupIdxVectMap" uuid="cae391ed-17db-427d-89a6-9a470fc43a8d"/>
      <mergedPortGroups type="ModelRefInfoRepo.NameToPortGroupIdxVectMap" uuid="5825cfea-9dad-4dcd-8389-8edce5449da3"/>
    </portGroupsRequireSameRate>
    <rateBasedMdlGlobalDSMRateSpec type="ModelRefInfoRepo.GlobalDSMRateSpecMap" uuid="4d1c3bd9-d71a-430b-983d-81e921a5803c"/>
    <rateSpecOfGlobalDSMAccessedByDescExpFcnMdlMap type="ModelRefInfoRepo.GlobalDSMRateSpecMap" uuid="a408834a-2ca4-4b68-8b5f-be557261209d"/>
    <rootBlockDiagramInterface type="ci.Model" uuid="88adefd5-2c5b-4630-b0fc-e26440adcb4c">
      <p_RootComponentInterface type="ci.ComponentInterface" uuid="d226df30-1607-410e-87af-2d22fb61dc2b">
=======
    <periodicEventPortUnsupportedBlockInfo type="ModelRefInfoRepo.PeriodicEventPortUnsupportedBlockInfo" uuid="0223405d-1abd-4af4-84a5-8c0c94e945ed"/>
    <portGroupsRequireSameRate type="ModelRefInfoRepo.PortGroupsRequireSameRate" uuid="a775a97d-29fa-4e3d-9f70-1c9a7cc1918e">
      <DSMPortGroups type="ModelRefInfoRepo.NameToPortGroupIdxVectMap" uuid="5b199e4f-8b7f-4aee-8462-40f7a6d2b7ad"/>
      <GlobalDSMPortGroups type="ModelRefInfoRepo.NameToPortGroupIdxVectMap" uuid="392e0cb8-d711-48be-a9c7-04d008c3c4d1"/>
      <mergedPortGroups type="ModelRefInfoRepo.NameToPortGroupIdxVectMap" uuid="d6aa59d0-d263-4faa-9f55-12fcf226c2db"/>
    </portGroupsRequireSameRate>
    <rateBasedMdlGlobalDSMRateSpec type="ModelRefInfoRepo.GlobalDSMRateSpecMap" uuid="55f8998b-ca96-4087-9f68-270ad78e448c"/>
    <rateSpecOfGlobalDSMAccessedByDescExpFcnMdlMap type="ModelRefInfoRepo.GlobalDSMRateSpecMap" uuid="7c9ecfdd-98bd-4fc4-9eb9-46e8562f9345"/>
    <rootBlockDiagramInterface type="ci.Model" uuid="412c6a20-d5a8-4da2-a0d6-6a671eccd4ae">
      <p_RootComponentInterface type="ci.ComponentInterface" uuid="1b61b1cb-06ce-46df-b4af-38058d36012d">
>>>>>>> Stashed changes
        <p_Name>LeftTurn</p_Name>
        <p_Type>ROOT</p_Type>
      </p_RootComponentInterface>
    </rootBlockDiagramInterface>
<<<<<<< Updated upstream
    <simulinkFunctions type="ModelRefInfoRepo.SimulinkFunctions" uuid="c020810e-4552-4a57-8bb5-e08e4c7026ae">
=======
    <simulinkFunctions type="ModelRefInfoRepo.SimulinkFunctions" uuid="02b5af87-e46a-4547-91fa-6dcb31c3a1a5">
>>>>>>> Stashed changes
      <compSimulinkFunctionCatalog></compSimulinkFunctionCatalog>
    </simulinkFunctions>
    <sltpContext type="sltp.mm.core.Context" uuid="9163d92d-0590-41fc-b13d-3bf36253804b">
      <priorityDirection>HighNumberLast</priorityDirection>
      <defaultEventBehavior type="sltp.mm.core.EventBehavior" uuid="20acfb17-c6b5-4a78-9c36-261814a06c6d"/>
      <editorState type="sltp.mm.core.EditorState" uuid="ef1cfea2-484a-420d-ae76-3d2ab30b0402">
        <isSynchronized>true</isSynchronized>
        <panelState type="sltp.mm.core.EditorPanelState" uuid="0bb34eb9-3f07-403c-a299-ffd7020be893"/>
      </editorState>
      <rootTask type="sltp.mm.core.Task" uuid="59365742-cebd-49a8-88f4-2a1a60c73799">
        <context type="sltp.mm.core.Context" uuid="9163d92d-0590-41fc-b13d-3bf36253804b"/>
        <explicit>false</explicit>
        <name>Default</name>
        <priority>-2147483648</priority>
        <subgraph type="sltp.mm.core.Graph" uuid="8211f6f3-6456-4fdd-9fdd-6db8c05fb759">
          <tasks type="sltp.mm.core.Task" uuid="084950b2-57de-4861-b044-a9def2e4daff">
            <context type="sltp.mm.core.Context" uuid="9163d92d-0590-41fc-b13d-3bf36253804b"/>
            <explicit>false</explicit>
            <id>1</id>
            <isTimed>true</isTimed>
            <name>D1</name>
            <priority>40</priority>
            <rates type="sltp.mm.core.Rate" uuid="1faa0331-368f-4344-a317-0153f23228b1">
              <annotation>D1</annotation>
              <color>-12240129</color>
              <hasBlocks>true</hasBlocks>
              <identifier>ClassicPeriodicDiscrete0.10</identifier>
              <rateIndex>0</rateIndex>
              <rateSpec type="sltp.mm.core.RateSpec">
                <period>.1</period>
              </rateSpec>
              <sti>0</sti>
            </rates>
          </tasks>
        </subgraph>
      </rootTask>
    </sltpContext>
<<<<<<< Updated upstream
    <stateWriterToOwnerMap type="ModelRefInfoRepo.StateWriterInfo" uuid="b0f39040-17e3-4e49-ba14-24afd693dccc"/>
    <stoClientDataRegistry type="sto.ClientDataRegistry" uuid="63e4c305-308b-4106-821c-39a6b1c61f14">
      <dataSets type="sto.ClientClockNamedDataSet" uuid="c42ea0e5-baf0-4134-89c5-ee9d423a6d14">
        <tag>sltpEvents</tag>
      </dataSets>
      <dataSets type="sto.ClientTaskHierarchyElementNamedDataSet" uuid="5b4357a9-bd74-4298-a600-711ed8e42334">
        <tag>sltpTaskGroups</tag>
      </dataSets>
      <dataSets type="sto.ClientTaskHierarchyElementNamedDataSet" uuid="df2f9b0f-9e40-4511-828a-04c75dedca3c">
        <dSet type="ModelRefInfoRepo.SltpTaskData" uuid="8d94eda1-48dd-4c6d-9b32-c19b04d15dca"/>
        <tSet type="ModelRefInfoRepo.SltpTaskData" uuid="8d94eda1-48dd-4c6d-9b32-c19b04d15dca">
          <dataName>D1</dataName>
          <linkedSet type="sto.ClientTaskHierarchyElementNamedDataSet" uuid="df2f9b0f-9e40-4511-828a-04c75dedca3c"/>
=======
    <stateWriterToOwnerMap type="ModelRefInfoRepo.StateWriterInfo" uuid="2a53e230-0933-4df9-9215-5c5fc4ee6668"/>
    <stoClientDataRegistry type="sto.ClientDataRegistry" uuid="7ecc9890-c294-4246-b65e-80b659592aaa">
      <dataSets type="sto.ClientClockNamedDataSet" uuid="0bc4dd84-b706-4afb-8380-e0f7ceedf192">
        <tag>sltpEvents</tag>
      </dataSets>
      <dataSets type="sto.ClientTaskHierarchyElementNamedDataSet" uuid="4d5881cc-3bbc-4a10-8a35-6cf497d5d60f">
        <tag>sltpTaskGroups</tag>
      </dataSets>
      <dataSets type="sto.ClientTaskHierarchyElementNamedDataSet" uuid="2c59ba6a-24a1-4c90-ac6c-114eaec046ec">
        <dSet type="ModelRefInfoRepo.SltpTaskData" uuid="3a20239e-1855-4a3d-8cdb-b6039e7b9528"/>
        <tSet type="ModelRefInfoRepo.SltpTaskData" uuid="3a20239e-1855-4a3d-8cdb-b6039e7b9528">
          <dataName>D1</dataName>
          <linkedSet type="sto.ClientTaskHierarchyElementNamedDataSet" uuid="2c59ba6a-24a1-4c90-ac6c-114eaec046ec"/>
>>>>>>> Stashed changes
          <id type="sto.TaskHierarchyElementId">
            <clockId>LeftTurn::defaultTimer</clockId>
            <id>_task0</id>
          </id>
        </tSet>
        <tag>sltpTasks</tag>
      </dataSets>
    </stoClientDataRegistry>
<<<<<<< Updated upstream
    <varTsUIDMap type="ModelRefInfoRepo.VarTsUIDMap" uuid="868702bc-eff5-4779-a84d-c7f4f3f9cd62"/>
=======
    <varTsUIDMap type="ModelRefInfoRepo.VarTsUIDMap" uuid="8e130186-c850-48f9-98f0-0b28d648abe5"/>
>>>>>>> Stashed changes
  </ModelRefInfoRepo.ModelRefInfoRoot>
</MF0>