<?xml version="1.0" encoding="UTF-8"?>
<MF0 version="1.1" packageUris="http://schema.mathworks.com/mf0/ci/19700101 http://schema.mathworks.com/mf0/sl_data_duplicateandconsistencycheck/R2022b http://schema.mathworks.com/mf0/sl_modelref_info/R2023b http://schema.mathworks.com/mf0/slexec_mm_sto/R2023a_202208151321 http://schema.mathworks.com/mf0/sltp_mm/R2023a_202209151115">
<<<<<<< Updated upstream
  <ModelRefInfoRepo.ModelRefInfoRoot type="ModelRefInfoRepo.ModelRefInfoRoot" uuid="48f109de-73e4-4a0e-a46d-b7d89d711ee9">
    <childModelRefInfo type="ModelRefInfoRepo.ChildModelRefInfo" uuid="b5b532d7-2e78-4c47-9d36-e687e27230fd">
=======
  <ModelRefInfoRepo.ModelRefInfoRoot type="ModelRefInfoRepo.ModelRefInfoRoot" uuid="6fe72cc4-32ac-4579-9c58-88c2f53f32d6">
    <childModelRefInfo type="ModelRefInfoRepo.ChildModelRefInfo" uuid="ce413b81-a163-44f4-ba49-a134f40fad36">
>>>>>>> Stashed changes
      <modelName>i_1metre</modelName>
      <modelPath>i_1metre</modelPath>
    </childModelRefInfo>
    <compiledTFinal>30.0</compiledTFinal>
<<<<<<< Updated upstream
    <dataSourceInfo type="ModelRefInfoRepo.DataSourceInfo" uuid="434c3bc8-217f-45c6-adc7-9b34e3f3d175">
      <dataSources type="ModelRefInfoRepo.SourceInfo" uuid="a43093bb-d453-489c-b5be-ba9676a7dc56">
=======
    <dataSourceInfo type="ModelRefInfoRepo.DataSourceInfo" uuid="b2a6f9f1-c98a-468a-abba-d4255574076d">
      <dataSources type="ModelRefInfoRepo.SourceInfo" uuid="f4428842-fd10-40a2-9444-20f91959138b">
>>>>>>> Stashed changes
        <includeAllSections>true</includeAllSections>
        <sourceName>base workspace</sourceName>
        <type>BaseWorkspace</type>
      </dataSources>
      <modelName>i_1metre</modelName>
    </dataSourceInfo>
    <dataTransferInfos>AAFJTQAAAAAOAAAAOAAAAAYAAAAIAAAAAgAAAAAAAAAFAAAACAAAAAAAAAABAAAAAQAAAAAAAAAFAAQAAQAAAAEAAAAAAAAA</dataTransferInfos>
    <defaultsCMapping>{&quot;Inports&quot;:&quot;{\&quot;Name\&quot;:\&quot;Default\&quot;,\&quot;Checksum\&quot;:\&quot;Default\&quot;,\&quot;PerInstancePropertiesChecksum\&quot;:\&quot;\&quot;,\&quot;MemorySectionName\&quot;:\&quot;None\&quot;,\&quot;MemorySectionChecksum\&quot;:\&quot;None\&quot;}&quot;,&quot;Outports&quot;:&quot;{\&quot;Name\&quot;:\&quot;Default\&quot;,\&quot;Checksum\&quot;:\&quot;Default\&quot;,\&quot;PerInstancePropertiesChecksum\&quot;:\&quot;\&quot;,\&quot;MemorySectionName\&quot;:\&quot;None\&quot;,\&quot;MemorySectionChecksum\&quot;:\&quot;None\&quot;}&quot;,&quot;ParameterArguments&quot;:&quot;{\&quot;Name\&quot;:\&quot;Default\&quot;,\&quot;Checksum\&quot;:\&quot;Default\&quot;,\&quot;PerInstancePropertiesChecksum\&quot;:\&quot;\&quot;,\&quot;MemorySectionName\&quot;:\&quot;None\&quot;,\&quot;MemorySectionChecksum\&quot;:\&quot;None\&quot;}&quot;,&quot;LocalParameters&quot;:&quot;{\&quot;Name\&quot;:\&quot;Default\&quot;,\&quot;Checksum\&quot;:\&quot;Default\&quot;,\&quot;PerInstancePropertiesChecksum\&quot;:\&quot;\&quot;,\&quot;MemorySectionName\&quot;:\&quot;None\&quot;,\&quot;MemorySectionChecksum\&quot;:\&quot;None\&quot;}&quot;,&quot;GlobalParameters&quot;:&quot;{\&quot;Name\&quot;:\&quot;Default\&quot;,\&quot;Checksum\&quot;:\&quot;Default\&quot;,\&quot;PerInstancePropertiesChecksum\&quot;:\&quot;\&quot;,\&quot;MemorySectionName\&quot;:\&quot;None\&quot;,\&quot;MemorySectionChecksum\&quot;:\&quot;None\&quot;}&quot;,&quot;InternalData&quot;:&quot;{\&quot;Name\&quot;:\&quot;Default\&quot;,\&quot;Checksum\&quot;:\&quot;Default\&quot;,\&quot;PerInstancePropertiesChecksum\&quot;:\&quot;\&quot;,\&quot;MemorySectionName\&quot;:\&quot;None\&quot;,\&quot;MemorySectionChecksum\&quot;:\&quot;None\&quot;}&quot;,&quot;SharedLocalDataStores&quot;:&quot;{\&quot;Name\&quot;:\&quot;Default\&quot;,\&quot;Checksum\&quot;:\&quot;Default\&quot;,\&quot;PerInstancePropertiesChecksum\&quot;:\&quot;\&quot;,\&quot;MemorySectionName\&quot;:\&quot;None\&quot;,\&quot;MemorySectionChecksum\&quot;:\&quot;None\&quot;}&quot;,&quot;GlobalDataStores&quot;:&quot;{\&quot;Name\&quot;:\&quot;Default\&quot;,\&quot;Checksum\&quot;:\&quot;Default\&quot;,\&quot;PerInstancePropertiesChecksum\&quot;:\&quot;\&quot;,\&quot;MemorySectionName\&quot;:\&quot;None\&quot;,\&quot;MemorySectionChecksum\&quot;:\&quot;None\&quot;}&quot;,&quot;Constants&quot;:&quot;{\&quot;Name\&quot;:\&quot;Default\&quot;,\&quot;Checksum\&quot;:\&quot;Default\&quot;,\&quot;PerInstancePropertiesChecksum\&quot;:\&quot;\&quot;,\&quot;MemorySectionName\&quot;:\&quot;None\&quot;,\&quot;MemorySectionChecksum\&quot;:\&quot;None\&quot;}&quot;,&quot;DataTransfers&quot;:&quot;{\&quot;Name\&quot;:\&quot;Default\&quot;,\&quot;Checksum\&quot;:\&quot;Default\&quot;,\&quot;PerInstancePropertiesChecksum\&quot;:\&quot;\&quot;,\&quot;MemorySectionName\&quot;:\&quot;None\&quot;,\&quot;MemorySectionChecksum\&quot;:\&quot;None\&quot;}&quot;,&quot;ModelData&quot;:&quot;{\&quot;Name\&quot;:\&quot;Default\&quot;,\&quot;Checksum\&quot;:\&quot;Default\&quot;,\&quot;PerInstancePropertiesChecksum\&quot;:\&quot;\&quot;,\&quot;MemorySectionName\&quot;:\&quot;None\&quot;,\&quot;MemorySectionChecksum\&quot;:\&quot;None\&quot;}&quot;,&quot;InitializeTerminate&quot;:&quot;{\&quot;Name\&quot;:\&quot;Default\&quot;,\&quot;Checksum\&quot;:\&quot;Default\&quot;,\&quot;PerInstancePropertiesChecksum\&quot;:\&quot;\&quot;,\&quot;MemorySectionName\&quot;:\&quot;None\&quot;,\&quot;MemorySectionChecksum\&quot;:\&quot;None\&quot;}&quot;,&quot;Execution&quot;:&quot;{\&quot;Name\&quot;:\&quot;Default\&quot;,\&quot;Checksum\&quot;:\&quot;Default\&quot;,\&quot;PerInstancePropertiesChecksum\&quot;:\&quot;\&quot;,\&quot;MemorySectionName\&quot;:\&quot;None\&quot;,\&quot;MemorySectionChecksum\&quot;:\&quot;None\&quot;}&quot;,&quot;SharedUtility&quot;:&quot;{\&quot;Name\&quot;:\&quot;Default\&quot;,\&quot;Checksum\&quot;:\&quot;Default\&quot;,\&quot;PerInstancePropertiesChecksum\&quot;:\&quot;\&quot;,\&quot;MemorySectionName\&quot;:\&quot;None\&quot;,\&quot;MemorySectionChecksum\&quot;:\&quot;None\&quot;}&quot;}</defaultsCMapping>
    <fastestNoncontSigFeedingDerivPorts>-1.0</fastestNoncontSigFeedingDerivPorts>
    <fundamentalSampleTimePeriod>.01</fundamentalSampleTimePeriod>
    <hasBlockWithPeriodicDiscreteSampleTime>true</hasBlockWithPeriodicDiscreteSampleTime>
    <hasBwsAccessed>true</hasBwsAccessed>
    <hasBwsAccessedByAnyModel>true</hasBwsAccessedByAnyModel>
    <hasNonVirtualConstantTs>true</hasNonVirtualConstantTs>
    <isBdInSimModeForSimCodegenVariants>false</isBdInSimModeForSimCodegenVariants>
    <loggingSaveFormat>2</loggingSaveFormat>
    <maxFreqHz>-1.0</maxFreqHz>
    <numDStateRecs>4</numDStateRecs>
    <numDataInputPorts>0</numDataInputPorts>
    <numLoggableDStateRecs>4</numLoggableDStateRecs>
    <numLoggableJacobianDStates>2</numLoggableJacobianDStates>
    <runtimeNonFcnCallRateInfos type="ModelRefInfoRepo.RateInfo">
      <compiled>true</compiled>
      <isEmpty>true</isEmpty>
      <nonFcnCallPartitionName>D1</nonFcnCallPartitionName>
      <period>.01</period>
      <priority>40</priority>
      <rateIdx>0</rateIdx>
    </runtimeNonFcnCallRateInfos>
    <runtimeNonFcnCallRateInfos type="ModelRefInfoRepo.RateInfo">
      <compiled>true</compiled>
      <nonFcnCallPartitionName>D1</nonFcnCallPartitionName>
      <period>.1</period>
      <priority>40</priority>
      <rateIdx>1</rateIdx>
    </runtimeNonFcnCallRateInfos>
    <sampleTimeInheritanceRule>2</sampleTimeInheritanceRule>
    <solverStatusFlags>323</solverStatusFlags>
    <timingAndTaskingRegistry>&lt;?xml version=&quot;1.0&quot;?&gt;
&lt;slexec_sto version=&quot;1.1&quot; packageUris=&quot;http://schema.mathworks.com/mf0/slexec_mm_sto/R2023a_202208151321&quot;&gt;
<<<<<<< Updated upstream
  &lt;sto.Registry type=&quot;sto.Registry&quot; uuid=&quot;64cc865d-0278-4d6f-b0ba-0dc15583dc25&quot;&gt;
    &lt;executionSpec&gt;Undetermined&lt;/executionSpec&gt;
    &lt;identifier&gt;i_1metre&lt;/identifier&gt;
    &lt;clockRegistry type=&quot;sto.ClockRegistry&quot; uuid=&quot;64b95af7-88c8-46e1-922b-9354ffcad2a1&quot;&gt;
      &lt;clocks type=&quot;sto.Timer&quot; uuid=&quot;833cb717-904c-4451-a706-675fc3a523f2&quot;&gt;
        &lt;clockTickConstraint&gt;PeriodicWithFixedResolution&lt;/clockTickConstraint&gt;
        &lt;computedFundamentalDiscretePeriod&gt;.01&lt;/computedFundamentalDiscretePeriod&gt;
        &lt;fastestDiscreteRate type=&quot;sto.ClassicPeriodicDiscreteRate&quot; uuid=&quot;078e0e3e-44a0-4a24-90de-6386f373efe6&quot;/&gt;
=======
  &lt;sto.Registry type=&quot;sto.Registry&quot; uuid=&quot;5ae68a11-8693-469c-a354-289df31bccc3&quot;&gt;
    &lt;executionSpec&gt;Undetermined&lt;/executionSpec&gt;
    &lt;identifier&gt;i_1metre&lt;/identifier&gt;
    &lt;clockRegistry type=&quot;sto.ClockRegistry&quot; uuid=&quot;b243ea7d-6dd6-4b5d-954f-dffc475bb1e1&quot;&gt;
      &lt;clocks type=&quot;sto.Timer&quot; uuid=&quot;8b14fe7e-bad3-44fb-b46d-d64cc62702a5&quot;&gt;
        &lt;clockTickConstraint&gt;PeriodicWithFixedResolution&lt;/clockTickConstraint&gt;
        &lt;computedFundamentalDiscretePeriod&gt;.01&lt;/computedFundamentalDiscretePeriod&gt;
        &lt;fastestDiscreteRate type=&quot;sto.ClassicPeriodicDiscreteRate&quot; uuid=&quot;a596c0c5-bb84-4b5f-8d14-2b7ad180d8fe&quot;/&gt;
>>>>>>> Stashed changes
        &lt;isDefaultTimer&gt;true&lt;/isDefaultTimer&gt;
        &lt;resolution&gt;.01&lt;/resolution&gt;
        &lt;timeAdvanceMode&gt;FixedStep&lt;/timeAdvanceMode&gt;
        &lt;identifier&gt;i_1metre::defaultTimer&lt;/identifier&gt;
<<<<<<< Updated upstream
        &lt;rates type=&quot;sto.ClassicPeriodicDiscreteRate&quot; uuid=&quot;078e0e3e-44a0-4a24-90de-6386f373efe6&quot;&gt;
=======
        &lt;rates type=&quot;sto.ClassicPeriodicDiscreteRate&quot; uuid=&quot;a596c0c5-bb84-4b5f-8d14-2b7ad180d8fe&quot;&gt;
>>>>>>> Stashed changes
          &lt;annotation&gt;D1&lt;/annotation&gt;
          &lt;clockId&gt;i_1metre::defaultTimer&lt;/clockId&gt;
          &lt;description&gt;Discrete 1&lt;/description&gt;
          &lt;taskId&gt;_task0&lt;/taskId&gt;
<<<<<<< Updated upstream
          &lt;rateSpec type=&quot;sto.RateSpec&quot; uuid=&quot;5b4c4766-2766-4d2e-8265-40e74ea331c2&quot;&gt;
=======
          &lt;rateSpec type=&quot;sto.RateSpec&quot; uuid=&quot;8666a27e-b117-46b0-b96a-f905d54268ac&quot;&gt;
>>>>>>> Stashed changes
            &lt;period&gt;.01&lt;/period&gt;
            &lt;rateType&gt;ClassicPeriodicDiscrete&lt;/rateType&gt;
          &lt;/rateSpec&gt;
        &lt;/rates&gt;
<<<<<<< Updated upstream
        &lt;rates type=&quot;sto.ClassicPeriodicDiscreteRate&quot; uuid=&quot;e3e81bbb-0d29-40a6-8b08-e636ac6929e4&quot;&gt;
=======
        &lt;rates type=&quot;sto.ClassicPeriodicDiscreteRate&quot; uuid=&quot;6c355903-03ab-4df9-b8ef-ecc47a07b713&quot;&gt;
>>>>>>> Stashed changes
          &lt;annotation&gt;D2&lt;/annotation&gt;
          &lt;clockId&gt;i_1metre::defaultTimer&lt;/clockId&gt;
          &lt;colorIndex&gt;1&lt;/colorIndex&gt;
          &lt;description&gt;Discrete 2&lt;/description&gt;
          &lt;rateIdx&gt;1&lt;/rateIdx&gt;
          &lt;taskId&gt;_task0&lt;/taskId&gt;
<<<<<<< Updated upstream
          &lt;rateSpec type=&quot;sto.RateSpec&quot; uuid=&quot;e538e314-d4f9-41a3-892e-3cc1fc5672c7&quot;&gt;
=======
          &lt;rateSpec type=&quot;sto.RateSpec&quot; uuid=&quot;e8153518-8fc4-4bcd-bd08-bd7b61552443&quot;&gt;
>>>>>>> Stashed changes
            &lt;period&gt;.1&lt;/period&gt;
            &lt;rateType&gt;ClassicPeriodicDiscrete&lt;/rateType&gt;
          &lt;/rateSpec&gt;
        &lt;/rates&gt;
<<<<<<< Updated upstream
        &lt;baseRate type=&quot;sto.ClassicPeriodicDiscreteRate&quot; uuid=&quot;ee1e68a1-2990-4a50-98cc-610218b5db4d&quot;&gt;
=======
        &lt;baseRate type=&quot;sto.ClassicPeriodicDiscreteRate&quot; uuid=&quot;752651d6-2ffe-4678-af2a-74ad0192d1c7&quot;&gt;
>>>>>>> Stashed changes
          &lt;annotation&gt;D1&lt;/annotation&gt;
          &lt;clockId&gt;i_1metre::defaultTimer&lt;/clockId&gt;
          &lt;description&gt;Discrete 1&lt;/description&gt;
          &lt;taskId&gt;_task0&lt;/taskId&gt;
<<<<<<< Updated upstream
          &lt;rateSpec type=&quot;sto.RateSpec&quot; uuid=&quot;f6fed98d-ba93-4ba7-a1aa-cb01bf76123f&quot;&gt;
=======
          &lt;rateSpec type=&quot;sto.RateSpec&quot; uuid=&quot;cef85e4f-4c42-481c-bc69-519c725b8bf2&quot;&gt;
>>>>>>> Stashed changes
            &lt;period&gt;.01&lt;/period&gt;
            &lt;rateType&gt;ClassicPeriodicDiscrete&lt;/rateType&gt;
          &lt;/rateSpec&gt;
        &lt;/baseRate&gt;
      &lt;/clocks&gt;
<<<<<<< Updated upstream
      &lt;clocks type=&quot;sto.Event&quot; uuid=&quot;b91fc955-075f-4a45-ad3f-876a5160e130&quot;&gt;
=======
      &lt;clocks type=&quot;sto.Event&quot; uuid=&quot;28d54e00-1d8c-4764-b9d4-1f7ccab99152&quot;&gt;
>>>>>>> Stashed changes
        &lt;eventType&gt;PARAMETER_CHANGE_EVENT&lt;/eventType&gt;
        &lt;cNum&gt;1&lt;/cNum&gt;
        &lt;clockType&gt;Event&lt;/clockType&gt;
        &lt;identifier&gt;ParameterChangeEvent&lt;/identifier&gt;
<<<<<<< Updated upstream
        &lt;rates type=&quot;sto.ModelWideEventRate&quot; uuid=&quot;e14547af-9d92-4d7c-98b8-e4736f30b844&quot;&gt;
=======
        &lt;rates type=&quot;sto.ModelWideEventRate&quot; uuid=&quot;a2b8278b-8e27-4f41-a655-c6c8ccdb5c27&quot;&gt;
>>>>>>> Stashed changes
          &lt;annotation&gt;Inf&lt;/annotation&gt;
          &lt;clockId&gt;ParameterChangeEvent&lt;/clockId&gt;
          &lt;colorIndex&gt;-1&lt;/colorIndex&gt;
          &lt;description&gt;Constant&lt;/description&gt;
          &lt;rateIdx&gt;-1&lt;/rateIdx&gt;
          &lt;taskId&gt;ModelWideParameterChangeEvent&lt;/taskId&gt;
          &lt;useForExecution&gt;NotForExecution&lt;/useForExecution&gt;
<<<<<<< Updated upstream
          &lt;rateSpec type=&quot;sto.RateSpec&quot; uuid=&quot;fe6832ea-ce04-4d5c-8870-704cfceee7eb&quot;&gt;
=======
          &lt;rateSpec type=&quot;sto.RateSpec&quot; uuid=&quot;b8705f1c-ef39-42a8-be0a-0d345347ad40&quot;&gt;
>>>>>>> Stashed changes
            &lt;period&gt;inf&lt;/period&gt;
            &lt;rateType&gt;ModelWideParameterChangeEvent&lt;/rateType&gt;
          &lt;/rateSpec&gt;
        &lt;/rates&gt;
      &lt;/clocks&gt;
      &lt;timeAdvanceMode&gt;FixedStep&lt;/timeAdvanceMode&gt;
    &lt;/clockRegistry&gt;
<<<<<<< Updated upstream
    &lt;taskRegistry type=&quot;sto.TaskRegistry&quot; uuid=&quot;43c7265d-23b2-4966-842f-9466781dfbe6&quot;&gt;
      &lt;rootTaskHierarchyElements type=&quot;sto.Task&quot; uuid=&quot;36dfdf6d-ca91-4a0b-afca-222f1c444030&quot;&gt;
        &lt;isExplicit&gt;true&lt;/isExplicit&gt;
        &lt;rates type=&quot;sto.ModelWideEventRate&quot; uuid=&quot;426d8435-43c5-44ad-b079-07ab51a56375&quot;&gt;
=======
    &lt;taskRegistry type=&quot;sto.TaskRegistry&quot; uuid=&quot;6ad57dbf-7e71-410b-a440-9101b96f6c7a&quot;&gt;
      &lt;rootTaskHierarchyElements type=&quot;sto.Task&quot; uuid=&quot;ed4d32d6-1603-4aa5-9e4c-02dfab000265&quot;&gt;
        &lt;isExplicit&gt;true&lt;/isExplicit&gt;
        &lt;rates type=&quot;sto.ModelWideEventRate&quot; uuid=&quot;fcf36f60-5423-4b35-a344-ef3cf852e81f&quot;&gt;
>>>>>>> Stashed changes
          &lt;annotation&gt;Inf&lt;/annotation&gt;
          &lt;clockId&gt;ParameterChangeEvent&lt;/clockId&gt;
          &lt;colorIndex&gt;-1&lt;/colorIndex&gt;
          &lt;description&gt;Constant&lt;/description&gt;
          &lt;rateIdx&gt;-1&lt;/rateIdx&gt;
          &lt;taskId&gt;ModelWideParameterChangeEvent&lt;/taskId&gt;
          &lt;useForExecution&gt;NotForExecution&lt;/useForExecution&gt;
<<<<<<< Updated upstream
          &lt;rateSpec type=&quot;sto.RateSpec&quot; uuid=&quot;a6d1bc65-a871-4aae-bed0-fadd992e3058&quot;&gt;
=======
          &lt;rateSpec type=&quot;sto.RateSpec&quot; uuid=&quot;6ba88281-9f33-4d6d-b54f-158783bb12d3&quot;&gt;
>>>>>>> Stashed changes
            &lt;period&gt;inf&lt;/period&gt;
            &lt;rateType&gt;ModelWideParameterChangeEvent&lt;/rateType&gt;
          &lt;/rateSpec&gt;
        &lt;/rates&gt;
        &lt;schedulingClockId&gt;ParameterChangeEvent&lt;/schedulingClockId&gt;
        &lt;timeKeeperClockId&gt;i_1metre::defaultTimer&lt;/timeKeeperClockId&gt;
        &lt;elementType&gt;Task&lt;/elementType&gt;
        &lt;identifier&gt;ModelWideParameterChangeEvent&lt;/identifier&gt;
        &lt;priority&gt;-1&lt;/priority&gt;
      &lt;/rootTaskHierarchyElements&gt;
<<<<<<< Updated upstream
      &lt;rootTaskHierarchyElements type=&quot;sto.Task&quot; uuid=&quot;a40f70dd-44f6-4173-9b6f-ae3222980fa6&quot;&gt;
        &lt;isExecutable&gt;true&lt;/isExecutable&gt;
        &lt;orderIndex&gt;1&lt;/orderIndex&gt;
        &lt;rates type=&quot;sto.ClassicPeriodicDiscreteRate&quot; uuid=&quot;29aa5206-23c8-4ac6-aaee-fb28bd3042cd&quot;&gt;
=======
      &lt;rootTaskHierarchyElements type=&quot;sto.Task&quot; uuid=&quot;fca21db2-20f9-49e0-b85f-765445065a6b&quot;&gt;
        &lt;isExecutable&gt;true&lt;/isExecutable&gt;
        &lt;orderIndex&gt;1&lt;/orderIndex&gt;
        &lt;rates type=&quot;sto.ClassicPeriodicDiscreteRate&quot; uuid=&quot;afe1517d-c740-4523-8df1-bdc516fefa32&quot;&gt;
>>>>>>> Stashed changes
          &lt;annotation&gt;D1&lt;/annotation&gt;
          &lt;clockId&gt;i_1metre::defaultTimer&lt;/clockId&gt;
          &lt;description&gt;Discrete 1&lt;/description&gt;
          &lt;taskId&gt;_task0&lt;/taskId&gt;
<<<<<<< Updated upstream
          &lt;rateSpec type=&quot;sto.RateSpec&quot; uuid=&quot;cf937ce7-fae9-43fd-9023-9dc365416246&quot;&gt;
=======
          &lt;rateSpec type=&quot;sto.RateSpec&quot; uuid=&quot;2c541edb-b31a-4ca9-b01f-b888b7dd1574&quot;&gt;
>>>>>>> Stashed changes
            &lt;period&gt;.01&lt;/period&gt;
            &lt;rateType&gt;ClassicPeriodicDiscrete&lt;/rateType&gt;
          &lt;/rateSpec&gt;
        &lt;/rates&gt;
<<<<<<< Updated upstream
        &lt;rates type=&quot;sto.ClassicPeriodicDiscreteRate&quot; uuid=&quot;a106e21a-cb87-4ff7-aa81-45d98c073c37&quot;&gt;
=======
        &lt;rates type=&quot;sto.ClassicPeriodicDiscreteRate&quot; uuid=&quot;e7fb856f-3aa6-444a-87ec-bf8848f65734&quot;&gt;
>>>>>>> Stashed changes
          &lt;annotation&gt;D2&lt;/annotation&gt;
          &lt;clockId&gt;i_1metre::defaultTimer&lt;/clockId&gt;
          &lt;colorIndex&gt;1&lt;/colorIndex&gt;
          &lt;description&gt;Discrete 2&lt;/description&gt;
          &lt;rateIdx&gt;1&lt;/rateIdx&gt;
          &lt;taskId&gt;_task0&lt;/taskId&gt;
<<<<<<< Updated upstream
          &lt;rateSpec type=&quot;sto.RateSpec&quot; uuid=&quot;c99d775e-1681-4a48-83e7-8be6d9050c9e&quot;&gt;
=======
          &lt;rateSpec type=&quot;sto.RateSpec&quot; uuid=&quot;7e746ca1-c860-4181-9b84-074ebb2c8c5b&quot;&gt;
>>>>>>> Stashed changes
            &lt;period&gt;.1&lt;/period&gt;
            &lt;rateType&gt;ClassicPeriodicDiscrete&lt;/rateType&gt;
          &lt;/rateSpec&gt;
        &lt;/rates&gt;
        &lt;schedulingClockId&gt;i_1metre::defaultTimer&lt;/schedulingClockId&gt;
        &lt;timeKeeperClockId&gt;i_1metre::defaultTimer&lt;/timeKeeperClockId&gt;
        &lt;elementType&gt;Task&lt;/elementType&gt;
        &lt;identifier&gt;_task0&lt;/identifier&gt;
        &lt;priority&gt;40&lt;/priority&gt;
      &lt;/rootTaskHierarchyElements&gt;
<<<<<<< Updated upstream
      &lt;taskDependencyGraph type=&quot;sto.SerializedTaskConnectionList&quot; uuid=&quot;7edd4ef4-414e-4e62-905e-ca285d9c00cd&quot;&gt;
        &lt;clockIdentifier&gt;i_1metre::defaultTimer&lt;/clockIdentifier&gt;
        &lt;taskIdentifier&gt;_task0&lt;/taskIdentifier&gt;
      &lt;/taskDependencyGraph&gt;
      &lt;taskDependencyGraph type=&quot;sto.SerializedTaskConnectionList&quot; uuid=&quot;c89b0420-a4b9-4eb5-bd07-7f46a0cce999&quot;&gt;
=======
      &lt;taskDependencyGraph type=&quot;sto.SerializedTaskConnectionList&quot; uuid=&quot;818371d0-60a7-48aa-9cf3-8ad89a92a951&quot;&gt;
        &lt;clockIdentifier&gt;i_1metre::defaultTimer&lt;/clockIdentifier&gt;
        &lt;taskIdentifier&gt;_task0&lt;/taskIdentifier&gt;
      &lt;/taskDependencyGraph&gt;
      &lt;taskDependencyGraph type=&quot;sto.SerializedTaskConnectionList&quot; uuid=&quot;31502c63-ca3c-4fb3-a576-a82fb21abdb3&quot;&gt;
>>>>>>> Stashed changes
        &lt;clockIdentifier&gt;ParameterChangeEvent&lt;/clockIdentifier&gt;
        &lt;taskIdentifier&gt;ModelWideParameterChangeEvent&lt;/taskIdentifier&gt;
      &lt;/taskDependencyGraph&gt;
      &lt;taskPriorityDirection&gt;HighNumberLast&lt;/taskPriorityDirection&gt;
    &lt;/taskRegistry&gt;
  &lt;/sto.Registry&gt;
&lt;/slexec_sto&gt;</timingAndTaskingRegistry>
<<<<<<< Updated upstream
    <FMUBlockMap type="ModelRefInfoRepo.FMUBlockInfo" uuid="88b5dce6-90f9-4782-a57a-496d5147546d"/>
    <codeGenInfo type="ModelRefInfoRepo.CodeGenInformation" uuid="d5e35ef3-634a-41c9-b7e0-61bf2f25f47a"/>
    <compiledVariantInfos type="ModelRefInfoRepo.CompiledVariantInfoMap" uuid="29f55d7a-0411-40d0-a365-5352b92fd77d"/>
    <configSettingsForConsistencyChecks type="ModelRefInfoRepo.ConfigSettingsForConsistencyChecks" uuid="c19d4db4-1ba3-4514-bb4d-04ec0742aa42">
=======
    <FMUBlockMap type="ModelRefInfoRepo.FMUBlockInfo" uuid="21054acf-2fd2-4c5d-8379-da0bf7adbc8c"/>
    <codeGenInfo type="ModelRefInfoRepo.CodeGenInformation" uuid="35c2fe80-95e6-4341-9636-7cc986c1f5e8"/>
    <compiledVariantInfos type="ModelRefInfoRepo.CompiledVariantInfoMap" uuid="e3c78183-c4d6-415d-bf84-6a0ef909783d"/>
    <configSettingsForConsistencyChecks type="ModelRefInfoRepo.ConfigSettingsForConsistencyChecks" uuid="beed50cc-8bb7-44a0-a1c9-6243f741e691">
>>>>>>> Stashed changes
      <consistentOutportInitialization>true</consistentOutportInitialization>
      <fixedStepSize>.01</fixedStepSize>
      <frameDiagnosticSetting>2</frameDiagnosticSetting>
      <hasHybridSampleTime>true</hasHybridSampleTime>
      <signalLoggingSaveFormat>2</signalLoggingSaveFormat>
      <simSIMDOptimization>1</simSIMDOptimization>
      <solverName>FixedStepDiscrete</solverName>
      <solverType>SOLVER_TYPE_FIXEDSTEP</solverType>
<<<<<<< Updated upstream
      <hardwareSettings type="ModelRefInfoRepo.HardwareSettings" uuid="a3b5e153-3a49-4a88-b91d-41177d153be9">
=======
      <hardwareSettings type="ModelRefInfoRepo.HardwareSettings" uuid="b40286ba-e2bf-4b1f-9e0d-852cf2d13265">
>>>>>>> Stashed changes
        <prodBitPerChar>8</prodBitPerChar>
        <prodBitPerDouble>64</prodBitPerDouble>
        <prodBitPerFloat>32</prodBitPerFloat>
        <prodBitPerInt>32</prodBitPerInt>
        <prodBitPerLong>32</prodBitPerLong>
        <prodBitPerLongLong>64</prodBitPerLongLong>
        <prodBitPerPointer>32</prodBitPerPointer>
        <prodBitPerPtrDiffT>32</prodBitPerPtrDiffT>
        <prodBitPerShort>16</prodBitPerShort>
        <prodBitPerSizeT>32</prodBitPerSizeT>
        <prodEndianess>1</prodEndianess>
        <prodLargestAtomicFloat>1</prodLargestAtomicFloat>
        <prodLargestAtomicInteger>3</prodLargestAtomicInteger>
        <prodShiftRight>true</prodShiftRight>
        <prodWordSize>32</prodWordSize>
      </hardwareSettings>
    </configSettingsForConsistencyChecks>
<<<<<<< Updated upstream
    <controllableInputRatesMap type="ModelRefInfoRepo.VarTsUIDMap" uuid="6445ec93-9deb-4a41-b34f-f8be07f7adfd"/>
    <controllableOutputRatesMap type="ModelRefInfoRepo.VarTsUIDMap" uuid="271dafd5-cdf0-4ece-b06e-a35f3273b662"/>
    <dataPortGroup type="ModelRefInfoRepo.DataPortGroup" uuid="cbde7a1b-a56a-4d7e-9b9b-226f6f87f094"/>
    <expFcnUnconnectedDataPortGroup type="ModelRefInfoRepo.DataPortGroup" uuid="09a29a1a-0da0-4235-a06e-e98edbb3d7ef"/>
    <interfaceParameterInfo type="ModelRefInfoRepo.InterfaceParameterInfo" uuid="1661eea2-bd12-46e8-aaa5-377087245894"/>
    <messageInfo type="ModelRefInfoRepo.MessageInformation" uuid="d0fd4c25-0e9c-4ae7-b531-a55a3bf1fe3f"/>
    <methodInfo type="ModelRefInfoRepo.MethodExistenceInfo" uuid="8e228d2a-7fa6-4415-9ad4-a00485976217">
=======
    <controllableInputRatesMap type="ModelRefInfoRepo.VarTsUIDMap" uuid="108fffc9-fbbf-4cc0-81a7-a80e255aea3d"/>
    <controllableOutputRatesMap type="ModelRefInfoRepo.VarTsUIDMap" uuid="4e5b74ba-c615-4f96-b1d4-f8ee5af054a1"/>
    <dataPortGroup type="ModelRefInfoRepo.DataPortGroup" uuid="017054e5-e0ed-423e-8fd4-2b3a11e84180"/>
    <expFcnUnconnectedDataPortGroup type="ModelRefInfoRepo.DataPortGroup" uuid="1d570f64-46f8-405a-b5a7-99386b64abc2"/>
    <interfaceParameterInfo type="ModelRefInfoRepo.InterfaceParameterInfo" uuid="2284f0ba-e96a-461c-9c29-b7df7e66cacf"/>
    <messageInfo type="ModelRefInfoRepo.MessageInformation" uuid="61c69648-8310-4eb7-8916-758342612fcb"/>
    <methodInfo type="ModelRefInfoRepo.MethodExistenceInfo" uuid="3a1b6c23-1565-4771-aea2-8fd082cf18cc">
>>>>>>> Stashed changes
      <hasSystemInitializeMethod>true</hasSystemInitializeMethod>
      <hasSystemResetMethod>true</hasSystemResetMethod>
      <hasTerminateMethod>true</hasTerminateMethod>
      <hasUpdateMethod>true</hasUpdateMethod>
    </methodInfo>
<<<<<<< Updated upstream
    <periodicEventPortUnsupportedBlockInfo type="ModelRefInfoRepo.PeriodicEventPortUnsupportedBlockInfo" uuid="ff39798f-95c1-4deb-b27f-f45af0eb7eca"/>
    <portGroupsRequireSameRate type="ModelRefInfoRepo.PortGroupsRequireSameRate" uuid="b94bb299-b8db-44fb-b14d-a01f361223cb">
      <DSMPortGroups type="ModelRefInfoRepo.NameToPortGroupIdxVectMap" uuid="70bedcd1-0956-474e-89fa-15cd637ddb3e"/>
      <GlobalDSMPortGroups type="ModelRefInfoRepo.NameToPortGroupIdxVectMap" uuid="b4fcd728-f555-4ecc-a2dc-bb8233909f68"/>
      <mergedPortGroups type="ModelRefInfoRepo.NameToPortGroupIdxVectMap" uuid="7a805ea5-78ae-4a1d-9821-fbbcf3b73861"/>
    </portGroupsRequireSameRate>
    <rateBasedMdlGlobalDSMRateSpec type="ModelRefInfoRepo.GlobalDSMRateSpecMap" uuid="b1149c42-bb36-499a-953d-ed8e0a810262"/>
    <rateSpecOfGlobalDSMAccessedByDescExpFcnMdlMap type="ModelRefInfoRepo.GlobalDSMRateSpecMap" uuid="27bec560-413b-4364-bc99-f824d248e025"/>
    <rootBlockDiagramInterface type="ci.Model" uuid="306122d4-3bbd-42b3-ace7-18d05cd6c0ae">
      <p_RootComponentInterface type="ci.ComponentInterface" uuid="42fde8cf-6cf4-4f5a-9ba1-166821e5aeb9">
=======
    <periodicEventPortUnsupportedBlockInfo type="ModelRefInfoRepo.PeriodicEventPortUnsupportedBlockInfo" uuid="e3e1d25f-f57d-4198-9f03-0116d107a1a9"/>
    <portGroupsRequireSameRate type="ModelRefInfoRepo.PortGroupsRequireSameRate" uuid="acea7f11-b67f-4890-9dfe-6bc79284c414">
      <DSMPortGroups type="ModelRefInfoRepo.NameToPortGroupIdxVectMap" uuid="87c95cfb-fcdc-4e9b-b750-932f34ac9174"/>
      <GlobalDSMPortGroups type="ModelRefInfoRepo.NameToPortGroupIdxVectMap" uuid="bfebe70b-825b-48e6-a4bc-020ff26e4310"/>
      <mergedPortGroups type="ModelRefInfoRepo.NameToPortGroupIdxVectMap" uuid="8dcb9d16-d1ec-4e5e-a77e-47cdfe8b8dad"/>
    </portGroupsRequireSameRate>
    <rateBasedMdlGlobalDSMRateSpec type="ModelRefInfoRepo.GlobalDSMRateSpecMap" uuid="bcf535a4-31b3-42f3-a453-e32b7b936755"/>
    <rateSpecOfGlobalDSMAccessedByDescExpFcnMdlMap type="ModelRefInfoRepo.GlobalDSMRateSpecMap" uuid="29ac710e-86b0-46bb-a882-5a9440f519fe"/>
    <rootBlockDiagramInterface type="ci.Model" uuid="e793e4e9-28c4-47af-9e41-f3bbb69a4358">
      <p_RootComponentInterface type="ci.ComponentInterface" uuid="9d3ef386-c3da-4d26-a10f-8e6b5ce6d507">
>>>>>>> Stashed changes
        <p_Name>i_1metre</p_Name>
        <p_Type>ROOT</p_Type>
      </p_RootComponentInterface>
    </rootBlockDiagramInterface>
<<<<<<< Updated upstream
    <simulinkFunctions type="ModelRefInfoRepo.SimulinkFunctions" uuid="9358020b-368f-423b-93b8-17b04a59322a">
=======
    <simulinkFunctions type="ModelRefInfoRepo.SimulinkFunctions" uuid="58aa0317-7db7-4590-964c-3bc4b0ad924a">
>>>>>>> Stashed changes
      <compSimulinkFunctionCatalog></compSimulinkFunctionCatalog>
    </simulinkFunctions>
    <sltpContext type="sltp.mm.core.Context" uuid="21737c13-3a6d-401b-89d7-35652252a6e8">
      <priorityDirection>HighNumberLast</priorityDirection>
      <defaultEventBehavior type="sltp.mm.core.EventBehavior" uuid="71e88606-6e78-435b-bb24-152f7a3afa04"/>
      <editorState type="sltp.mm.core.EditorState" uuid="3429ef35-ff8f-40e9-9e53-88ef0319603d">
        <isSynchronized>true</isSynchronized>
        <panelState type="sltp.mm.core.EditorPanelState" uuid="4d0a93cc-e9a0-4489-8f2d-c729ee71b0ac"/>
      </editorState>
      <rootTask type="sltp.mm.core.Task" uuid="43d659cc-a841-46b7-b84b-e6b2ecc2a427">
        <context type="sltp.mm.core.Context" uuid="21737c13-3a6d-401b-89d7-35652252a6e8"/>
        <explicit>false</explicit>
        <name>Default</name>
        <priority>-2147483648</priority>
        <subgraph type="sltp.mm.core.Graph" uuid="03498d6b-7bd7-4193-a1a9-489e7d5744d6">
          <tasks type="sltp.mm.core.Task" uuid="fc50a775-f6e4-4ddb-ad4b-bf62c0a9d126">
            <context type="sltp.mm.core.Context" uuid="21737c13-3a6d-401b-89d7-35652252a6e8"/>
            <explicit>false</explicit>
            <id>1</id>
            <isTimed>true</isTimed>
            <name>D1</name>
            <priority>40</priority>
            <rates type="sltp.mm.core.Rate" uuid="10b2c901-8b2d-4115-89c9-390eacab84e0">
              <annotation>D1</annotation>
              <color>-12240129</color>
              <identifier>ClassicPeriodicDiscrete0.010</identifier>
              <rateIndex>0</rateIndex>
              <rateSpec type="sltp.mm.core.RateSpec">
                <period>.01</period>
              </rateSpec>
              <sti>0</sti>
            </rates>
            <rates type="sltp.mm.core.Rate" uuid="755068e1-a29c-4340-8eef-4741622903ae">
              <annotation>D2</annotation>
              <color>986198527</color>
              <hasBlocks>true</hasBlocks>
              <rateIndex>1</rateIndex>
              <rateSpec type="sltp.mm.core.RateSpec">
                <period>.1</period>
              </rateSpec>
              <sti>1</sti>
            </rates>
          </tasks>
        </subgraph>
      </rootTask>
    </sltpContext>
<<<<<<< Updated upstream
    <stateWriterToOwnerMap type="ModelRefInfoRepo.StateWriterInfo" uuid="8e7d6751-1053-44bd-9c15-7367e462beae"/>
    <stoClientDataRegistry type="sto.ClientDataRegistry" uuid="6187a7ca-ea97-4b8f-b0e9-bc1ea79a102e">
      <dataSets type="sto.ClientClockNamedDataSet" uuid="16787cce-3d45-417b-8073-bccdaddaf03d">
        <tag>sltpEvents</tag>
      </dataSets>
      <dataSets type="sto.ClientTaskHierarchyElementNamedDataSet" uuid="d923708d-4e48-4eea-a164-699e5065277e">
        <tag>sltpTaskGroups</tag>
      </dataSets>
      <dataSets type="sto.ClientTaskHierarchyElementNamedDataSet" uuid="a3c11914-fbe1-450f-9788-39f72eb82d20">
        <dSet type="ModelRefInfoRepo.SltpTaskData" uuid="8873923e-94e9-4e4f-b84d-943df9c31af4"/>
        <tSet type="ModelRefInfoRepo.SltpTaskData" uuid="8873923e-94e9-4e4f-b84d-943df9c31af4">
          <dataName>D1</dataName>
          <linkedSet type="sto.ClientTaskHierarchyElementNamedDataSet" uuid="a3c11914-fbe1-450f-9788-39f72eb82d20"/>
=======
    <stateWriterToOwnerMap type="ModelRefInfoRepo.StateWriterInfo" uuid="e01f7e58-8246-4be6-85ec-370ef71e51ee"/>
    <stoClientDataRegistry type="sto.ClientDataRegistry" uuid="5551af91-a6b4-49ee-b0cc-cb2f7878200e">
      <dataSets type="sto.ClientClockNamedDataSet" uuid="b2e60d4b-e0ea-41e0-9bb2-6efe7f3e853e">
        <tag>sltpEvents</tag>
      </dataSets>
      <dataSets type="sto.ClientTaskHierarchyElementNamedDataSet" uuid="6d3b7967-0788-4356-99c9-9a5ac42c49ba">
        <tag>sltpTaskGroups</tag>
      </dataSets>
      <dataSets type="sto.ClientTaskHierarchyElementNamedDataSet" uuid="6627777a-ba9f-43ea-bd36-50394446c35f">
        <dSet type="ModelRefInfoRepo.SltpTaskData" uuid="a7d76904-2788-4761-bae4-52343dce0ba3"/>
        <tSet type="ModelRefInfoRepo.SltpTaskData" uuid="a7d76904-2788-4761-bae4-52343dce0ba3">
          <dataName>D1</dataName>
          <linkedSet type="sto.ClientTaskHierarchyElementNamedDataSet" uuid="6627777a-ba9f-43ea-bd36-50394446c35f"/>
>>>>>>> Stashed changes
          <id type="sto.TaskHierarchyElementId">
            <clockId>i_1metre::defaultTimer</clockId>
            <id>_task0</id>
          </id>
        </tSet>
        <tag>sltpTasks</tag>
      </dataSets>
    </stoClientDataRegistry>
<<<<<<< Updated upstream
    <varTsUIDMap type="ModelRefInfoRepo.VarTsUIDMap" uuid="e91960d1-1963-4fcf-927f-ccc75fce9536"/>
=======
    <varTsUIDMap type="ModelRefInfoRepo.VarTsUIDMap" uuid="54523141-2bed-4602-824c-7da1a78a8061"/>
>>>>>>> Stashed changes
  </ModelRefInfoRepo.ModelRefInfoRoot>
</MF0>