<?xml version="1.0" encoding="UTF-8"?>
<MF0 version="1.1" packageUris="http://schema.mathworks.com/mf0/ci/19700101 http://schema.mathworks.com/mf0/sl_data_duplicateandconsistencycheck/R2022b http://schema.mathworks.com/mf0/sl_modelref_info/R2023b http://schema.mathworks.com/mf0/slexec_mm_sto/R2023a_202208151321 http://schema.mathworks.com/mf0/sltp_mm/R2023a_202209151115">
<<<<<<< Updated upstream
  <ModelRefInfoRepo.ModelRefInfoRoot type="ModelRefInfoRepo.ModelRefInfoRoot" uuid="1a43d9e9-a8e7-4f08-8967-6eaabbca7a23">
    <JITEngines>sfezNIOw28dSmGYbBZigTRG</JITEngines>
    <childModelRefInfo type="ModelRefInfoRepo.ChildModelRefInfo" uuid="4e55f10f-1246-4cb5-9e8d-39c49f6a9141">
=======
  <ModelRefInfoRepo.ModelRefInfoRoot type="ModelRefInfoRepo.ModelRefInfoRoot" uuid="2223e15a-17e9-42f9-a7c7-97c34ac0e97d">
    <JITEngines>sWvfXdpGgKZSTOK29D0GrwB</JITEngines>
    <childModelRefInfo type="ModelRefInfoRepo.ChildModelRefInfo" uuid="9d8e77c0-c2d2-4123-947c-87724c4bb7f0">
>>>>>>> Stashed changes
      <modelName>iii_LineFollow</modelName>
      <modelPath>iii_LineFollow</modelPath>
    </childModelRefInfo>
    <compiledTFinal>30.0</compiledTFinal>
<<<<<<< Updated upstream
    <dataSourceInfo type="ModelRefInfoRepo.DataSourceInfo" uuid="d4505d5b-3062-402e-8e45-6c65bd70978c">
      <dataSources type="ModelRefInfoRepo.SourceInfo" uuid="d7cede8c-ab90-4116-a621-dba96c71d861">
=======
    <dataSourceInfo type="ModelRefInfoRepo.DataSourceInfo" uuid="a7198050-65ca-4c20-8563-1fe1d797391d">
      <dataSources type="ModelRefInfoRepo.SourceInfo" uuid="32f9d338-c07c-4da1-b949-feb5674420d5">
>>>>>>> Stashed changes
        <includeAllSections>true</includeAllSections>
        <sourceName>base workspace</sourceName>
        <type>BaseWorkspace</type>
      </dataSources>
      <modelName>iii_LineFollow</modelName>
    </dataSourceInfo>
    <dataTransferInfos>AAFJTQAAAAAOAAAAOAAAAAYAAAAIAAAAAgAAAAAAAAAFAAAACAAAAAAAAAABAAAAAQAAAAAAAAAFAAQAAQAAAAEAAAAAAAAA</dataTransferInfos>
    <defaultsCMapping>{&quot;Inports&quot;:&quot;{\&quot;Name\&quot;:\&quot;Default\&quot;,\&quot;Checksum\&quot;:\&quot;Default\&quot;,\&quot;PerInstancePropertiesChecksum\&quot;:\&quot;\&quot;,\&quot;MemorySectionName\&quot;:\&quot;None\&quot;,\&quot;MemorySectionChecksum\&quot;:\&quot;None\&quot;}&quot;,&quot;Outports&quot;:&quot;{\&quot;Name\&quot;:\&quot;Default\&quot;,\&quot;Checksum\&quot;:\&quot;Default\&quot;,\&quot;PerInstancePropertiesChecksum\&quot;:\&quot;\&quot;,\&quot;MemorySectionName\&quot;:\&quot;None\&quot;,\&quot;MemorySectionChecksum\&quot;:\&quot;None\&quot;}&quot;,&quot;ParameterArguments&quot;:&quot;{\&quot;Name\&quot;:\&quot;Default\&quot;,\&quot;Checksum\&quot;:\&quot;Default\&quot;,\&quot;PerInstancePropertiesChecksum\&quot;:\&quot;\&quot;,\&quot;MemorySectionName\&quot;:\&quot;None\&quot;,\&quot;MemorySectionChecksum\&quot;:\&quot;None\&quot;}&quot;,&quot;LocalParameters&quot;:&quot;{\&quot;Name\&quot;:\&quot;Default\&quot;,\&quot;Checksum\&quot;:\&quot;Default\&quot;,\&quot;PerInstancePropertiesChecksum\&quot;:\&quot;\&quot;,\&quot;MemorySectionName\&quot;:\&quot;None\&quot;,\&quot;MemorySectionChecksum\&quot;:\&quot;None\&quot;}&quot;,&quot;GlobalParameters&quot;:&quot;{\&quot;Name\&quot;:\&quot;Default\&quot;,\&quot;Checksum\&quot;:\&quot;Default\&quot;,\&quot;PerInstancePropertiesChecksum\&quot;:\&quot;\&quot;,\&quot;MemorySectionName\&quot;:\&quot;None\&quot;,\&quot;MemorySectionChecksum\&quot;:\&quot;None\&quot;}&quot;,&quot;InternalData&quot;:&quot;{\&quot;Name\&quot;:\&quot;Default\&quot;,\&quot;Checksum\&quot;:\&quot;Default\&quot;,\&quot;PerInstancePropertiesChecksum\&quot;:\&quot;\&quot;,\&quot;MemorySectionName\&quot;:\&quot;None\&quot;,\&quot;MemorySectionChecksum\&quot;:\&quot;None\&quot;}&quot;,&quot;SharedLocalDataStores&quot;:&quot;{\&quot;Name\&quot;:\&quot;Default\&quot;,\&quot;Checksum\&quot;:\&quot;Default\&quot;,\&quot;PerInstancePropertiesChecksum\&quot;:\&quot;\&quot;,\&quot;MemorySectionName\&quot;:\&quot;None\&quot;,\&quot;MemorySectionChecksum\&quot;:\&quot;None\&quot;}&quot;,&quot;GlobalDataStores&quot;:&quot;{\&quot;Name\&quot;:\&quot;Default\&quot;,\&quot;Checksum\&quot;:\&quot;Default\&quot;,\&quot;PerInstancePropertiesChecksum\&quot;:\&quot;\&quot;,\&quot;MemorySectionName\&quot;:\&quot;None\&quot;,\&quot;MemorySectionChecksum\&quot;:\&quot;None\&quot;}&quot;,&quot;Constants&quot;:&quot;{\&quot;Name\&quot;:\&quot;Default\&quot;,\&quot;Checksum\&quot;:\&quot;Default\&quot;,\&quot;PerInstancePropertiesChecksum\&quot;:\&quot;\&quot;,\&quot;MemorySectionName\&quot;:\&quot;None\&quot;,\&quot;MemorySectionChecksum\&quot;:\&quot;None\&quot;}&quot;,&quot;DataTransfers&quot;:&quot;{\&quot;Name\&quot;:\&quot;Default\&quot;,\&quot;Checksum\&quot;:\&quot;Default\&quot;,\&quot;PerInstancePropertiesChecksum\&quot;:\&quot;\&quot;,\&quot;MemorySectionName\&quot;:\&quot;None\&quot;,\&quot;MemorySectionChecksum\&quot;:\&quot;None\&quot;}&quot;,&quot;ModelData&quot;:&quot;{\&quot;Name\&quot;:\&quot;Default\&quot;,\&quot;Checksum\&quot;:\&quot;Default\&quot;,\&quot;PerInstancePropertiesChecksum\&quot;:\&quot;\&quot;,\&quot;MemorySectionName\&quot;:\&quot;None\&quot;,\&quot;MemorySectionChecksum\&quot;:\&quot;None\&quot;}&quot;,&quot;InitializeTerminate&quot;:&quot;{\&quot;Name\&quot;:\&quot;Default\&quot;,\&quot;Checksum\&quot;:\&quot;Default\&quot;,\&quot;PerInstancePropertiesChecksum\&quot;:\&quot;\&quot;,\&quot;MemorySectionName\&quot;:\&quot;None\&quot;,\&quot;MemorySectionChecksum\&quot;:\&quot;None\&quot;}&quot;,&quot;Execution&quot;:&quot;{\&quot;Name\&quot;:\&quot;Default\&quot;,\&quot;Checksum\&quot;:\&quot;Default\&quot;,\&quot;PerInstancePropertiesChecksum\&quot;:\&quot;\&quot;,\&quot;MemorySectionName\&quot;:\&quot;None\&quot;,\&quot;MemorySectionChecksum\&quot;:\&quot;None\&quot;}&quot;,&quot;SharedUtility&quot;:&quot;{\&quot;Name\&quot;:\&quot;Default\&quot;,\&quot;Checksum\&quot;:\&quot;Default\&quot;,\&quot;PerInstancePropertiesChecksum\&quot;:\&quot;\&quot;,\&quot;MemorySectionName\&quot;:\&quot;None\&quot;,\&quot;MemorySectionChecksum\&quot;:\&quot;None\&quot;}&quot;}</defaultsCMapping>
    <fastestNoncontSigFeedingDerivPorts>-1.0</fastestNoncontSigFeedingDerivPorts>
    <fundamentalSampleTimePeriod>.01</fundamentalSampleTimePeriod>
    <hasBlockWithPeriodicDiscreteSampleTime>true</hasBlockWithPeriodicDiscreteSampleTime>
    <hasBwsAccessed>true</hasBwsAccessed>
    <hasBwsAccessedByAnyModel>true</hasBwsAccessedByAnyModel>
    <hasNonVirtualConstantTs>true</hasNonVirtualConstantTs>
    <hasStatesModifiedInOutputUpdate>true</hasStatesModifiedInOutputUpdate>
    <isBdInSimModeForSimCodegenVariants>false</isBdInSimModeForSimCodegenVariants>
    <loggingSaveFormat>2</loggingSaveFormat>
    <maxFreqHz>-1.0</maxFreqHz>
    <numDataInputPorts>0</numDataInputPorts>
    <numLoggableJacobianDStates>0</numLoggableJacobianDStates>
    <runtimeNonFcnCallRateInfos type="ModelRefInfoRepo.RateInfo">
      <compiled>true</compiled>
      <nonFcnCallPartitionName>D1</nonFcnCallPartitionName>
      <period>.01</period>
      <priority>40</priority>
      <rateIdx>0</rateIdx>
    </runtimeNonFcnCallRateInfos>
    <sampleTimeInheritanceRule>2</sampleTimeInheritanceRule>
    <solverStatusFlags>323</solverStatusFlags>
    <timingAndTaskingRegistry>&lt;?xml version=&quot;1.0&quot;?&gt;
&lt;slexec_sto version=&quot;1.1&quot; packageUris=&quot;http://schema.mathworks.com/mf0/slexec_mm_sto/R2023a_202208151321&quot;&gt;
<<<<<<< Updated upstream
  &lt;sto.Registry type=&quot;sto.Registry&quot; uuid=&quot;0ef68d83-419a-422c-9a50-e323a939cc45&quot;&gt;
    &lt;executionSpec&gt;Undetermined&lt;/executionSpec&gt;
    &lt;identifier&gt;iii_LineFollow&lt;/identifier&gt;
    &lt;clockRegistry type=&quot;sto.ClockRegistry&quot; uuid=&quot;8e4cb582-3be4-43d4-86d5-397e6fffa38b&quot;&gt;
      &lt;clocks type=&quot;sto.Timer&quot; uuid=&quot;1d264cc4-0ecc-4340-82ca-0250a18b27e4&quot;&gt;
        &lt;clockTickConstraint&gt;PeriodicWithFixedResolution&lt;/clockTickConstraint&gt;
        &lt;computedFundamentalDiscretePeriod&gt;.01&lt;/computedFundamentalDiscretePeriod&gt;
        &lt;fastestDiscreteRate type=&quot;sto.ClassicPeriodicDiscreteRate&quot; uuid=&quot;508817ad-8415-4481-a1ee-04b85b6c6fba&quot;/&gt;
=======
  &lt;sto.Registry type=&quot;sto.Registry&quot; uuid=&quot;c9e97e8d-aa8f-4b80-9792-5018ebb1fdd0&quot;&gt;
    &lt;executionSpec&gt;Undetermined&lt;/executionSpec&gt;
    &lt;identifier&gt;iii_LineFollow&lt;/identifier&gt;
    &lt;clockRegistry type=&quot;sto.ClockRegistry&quot; uuid=&quot;7284b3d7-0c12-48da-b450-a5b603faf4ec&quot;&gt;
      &lt;clocks type=&quot;sto.Timer&quot; uuid=&quot;0e2af6fe-7488-4f0e-8c4b-60a4b428f381&quot;&gt;
        &lt;clockTickConstraint&gt;PeriodicWithFixedResolution&lt;/clockTickConstraint&gt;
        &lt;computedFundamentalDiscretePeriod&gt;.01&lt;/computedFundamentalDiscretePeriod&gt;
        &lt;fastestDiscreteRate type=&quot;sto.ClassicPeriodicDiscreteRate&quot; uuid=&quot;4d7b5235-4436-4907-9330-ffdff95427a8&quot;/&gt;
>>>>>>> Stashed changes
        &lt;isDefaultTimer&gt;true&lt;/isDefaultTimer&gt;
        &lt;resolution&gt;.01&lt;/resolution&gt;
        &lt;timeAdvanceMode&gt;FixedStep&lt;/timeAdvanceMode&gt;
        &lt;identifier&gt;iii_LineFollow::defaultTimer&lt;/identifier&gt;
<<<<<<< Updated upstream
        &lt;rates type=&quot;sto.ClassicPeriodicDiscreteRate&quot; uuid=&quot;508817ad-8415-4481-a1ee-04b85b6c6fba&quot;&gt;
=======
        &lt;rates type=&quot;sto.ClassicPeriodicDiscreteRate&quot; uuid=&quot;4d7b5235-4436-4907-9330-ffdff95427a8&quot;&gt;
>>>>>>> Stashed changes
          &lt;annotation&gt;D1&lt;/annotation&gt;
          &lt;clockId&gt;iii_LineFollow::defaultTimer&lt;/clockId&gt;
          &lt;description&gt;Discrete 1&lt;/description&gt;
          &lt;taskId&gt;_task0&lt;/taskId&gt;
<<<<<<< Updated upstream
          &lt;rateSpec type=&quot;sto.RateSpec&quot; uuid=&quot;8b9a054b-b080-4344-8d78-f4d9394a0e05&quot;&gt;
=======
          &lt;rateSpec type=&quot;sto.RateSpec&quot; uuid=&quot;2954bc95-e1a3-4508-bcbc-3dea6674d4af&quot;&gt;
>>>>>>> Stashed changes
            &lt;period&gt;.01&lt;/period&gt;
            &lt;rateType&gt;ClassicPeriodicDiscrete&lt;/rateType&gt;
          &lt;/rateSpec&gt;
        &lt;/rates&gt;
<<<<<<< Updated upstream
        &lt;baseRate type=&quot;sto.ClassicPeriodicDiscreteRate&quot; uuid=&quot;04ad530c-3318-45ee-a845-834b911269e4&quot;&gt;
=======
        &lt;baseRate type=&quot;sto.ClassicPeriodicDiscreteRate&quot; uuid=&quot;e1cf902b-4d68-4f4c-8b82-f48327a94f40&quot;&gt;
>>>>>>> Stashed changes
          &lt;annotation&gt;D1&lt;/annotation&gt;
          &lt;clockId&gt;iii_LineFollow::defaultTimer&lt;/clockId&gt;
          &lt;description&gt;Discrete 1&lt;/description&gt;
          &lt;taskId&gt;_task0&lt;/taskId&gt;
<<<<<<< Updated upstream
          &lt;rateSpec type=&quot;sto.RateSpec&quot; uuid=&quot;4753d976-3015-46dd-8739-66cf84dc4090&quot;&gt;
=======
          &lt;rateSpec type=&quot;sto.RateSpec&quot; uuid=&quot;34384391-21f3-42c4-bf21-a81c7571464a&quot;&gt;
>>>>>>> Stashed changes
            &lt;period&gt;.01&lt;/period&gt;
            &lt;rateType&gt;ClassicPeriodicDiscrete&lt;/rateType&gt;
          &lt;/rateSpec&gt;
        &lt;/baseRate&gt;
      &lt;/clocks&gt;
<<<<<<< Updated upstream
      &lt;clocks type=&quot;sto.Event&quot; uuid=&quot;28fc8f61-0eb4-48a9-98be-7f1a132ef8f4&quot;&gt;
=======
      &lt;clocks type=&quot;sto.Event&quot; uuid=&quot;c0eb3527-efbd-4719-8bce-a66f0a0878bf&quot;&gt;
>>>>>>> Stashed changes
        &lt;eventType&gt;PARAMETER_CHANGE_EVENT&lt;/eventType&gt;
        &lt;cNum&gt;1&lt;/cNum&gt;
        &lt;clockType&gt;Event&lt;/clockType&gt;
        &lt;identifier&gt;ParameterChangeEvent&lt;/identifier&gt;
<<<<<<< Updated upstream
        &lt;rates type=&quot;sto.ModelWideEventRate&quot; uuid=&quot;a51935b5-5854-47c6-a897-e10f9a0000fb&quot;&gt;
=======
        &lt;rates type=&quot;sto.ModelWideEventRate&quot; uuid=&quot;87113756-72d6-4a77-bc73-167e40c74e75&quot;&gt;
>>>>>>> Stashed changes
          &lt;annotation&gt;Inf&lt;/annotation&gt;
          &lt;clockId&gt;ParameterChangeEvent&lt;/clockId&gt;
          &lt;colorIndex&gt;-1&lt;/colorIndex&gt;
          &lt;description&gt;Constant&lt;/description&gt;
          &lt;rateIdx&gt;-1&lt;/rateIdx&gt;
          &lt;taskId&gt;ModelWideParameterChangeEvent&lt;/taskId&gt;
          &lt;useForExecution&gt;NotForExecution&lt;/useForExecution&gt;
<<<<<<< Updated upstream
          &lt;rateSpec type=&quot;sto.RateSpec&quot; uuid=&quot;06f9de86-acca-428d-8995-62e6d74a0915&quot;&gt;
=======
          &lt;rateSpec type=&quot;sto.RateSpec&quot; uuid=&quot;49a0acaa-1879-4f06-8012-fb7296bbe66b&quot;&gt;
>>>>>>> Stashed changes
            &lt;period&gt;inf&lt;/period&gt;
            &lt;rateType&gt;ModelWideParameterChangeEvent&lt;/rateType&gt;
          &lt;/rateSpec&gt;
        &lt;/rates&gt;
      &lt;/clocks&gt;
      &lt;timeAdvanceMode&gt;FixedStep&lt;/timeAdvanceMode&gt;
    &lt;/clockRegistry&gt;
<<<<<<< Updated upstream
    &lt;taskRegistry type=&quot;sto.TaskRegistry&quot; uuid=&quot;63b2b812-e6af-44cd-ba69-f846a48bb63d&quot;&gt;
      &lt;rootTaskHierarchyElements type=&quot;sto.Task&quot; uuid=&quot;4a8bab26-4fe4-4863-a2a3-2ce4ae46b2de&quot;&gt;
        &lt;isExplicit&gt;true&lt;/isExplicit&gt;
        &lt;rates type=&quot;sto.ModelWideEventRate&quot; uuid=&quot;71803370-36cb-44d6-9448-da2e20afb8a3&quot;&gt;
=======
    &lt;taskRegistry type=&quot;sto.TaskRegistry&quot; uuid=&quot;f44dfc26-4370-47c8-8ea7-d9fa6aa8f66d&quot;&gt;
      &lt;rootTaskHierarchyElements type=&quot;sto.Task&quot; uuid=&quot;b3604fe1-504b-4cd6-8457-45c41b006beb&quot;&gt;
        &lt;isExplicit&gt;true&lt;/isExplicit&gt;
        &lt;rates type=&quot;sto.ModelWideEventRate&quot; uuid=&quot;bf0eb2a1-762c-48d7-82f6-c2eed13bd7fb&quot;&gt;
>>>>>>> Stashed changes
          &lt;annotation&gt;Inf&lt;/annotation&gt;
          &lt;clockId&gt;ParameterChangeEvent&lt;/clockId&gt;
          &lt;colorIndex&gt;-1&lt;/colorIndex&gt;
          &lt;description&gt;Constant&lt;/description&gt;
          &lt;rateIdx&gt;-1&lt;/rateIdx&gt;
          &lt;taskId&gt;ModelWideParameterChangeEvent&lt;/taskId&gt;
          &lt;useForExecution&gt;NotForExecution&lt;/useForExecution&gt;
<<<<<<< Updated upstream
          &lt;rateSpec type=&quot;sto.RateSpec&quot; uuid=&quot;9086ec50-92e9-49c3-b6a6-d13a82fa6dba&quot;&gt;
=======
          &lt;rateSpec type=&quot;sto.RateSpec&quot; uuid=&quot;676ba1a3-05bf-472c-9578-745b7f1d775a&quot;&gt;
>>>>>>> Stashed changes
            &lt;period&gt;inf&lt;/period&gt;
            &lt;rateType&gt;ModelWideParameterChangeEvent&lt;/rateType&gt;
          &lt;/rateSpec&gt;
        &lt;/rates&gt;
        &lt;schedulingClockId&gt;ParameterChangeEvent&lt;/schedulingClockId&gt;
        &lt;timeKeeperClockId&gt;iii_LineFollow::defaultTimer&lt;/timeKeeperClockId&gt;
        &lt;elementType&gt;Task&lt;/elementType&gt;
        &lt;identifier&gt;ModelWideParameterChangeEvent&lt;/identifier&gt;
        &lt;priority&gt;-1&lt;/priority&gt;
      &lt;/rootTaskHierarchyElements&gt;
<<<<<<< Updated upstream
      &lt;rootTaskHierarchyElements type=&quot;sto.Task&quot; uuid=&quot;68d99dab-c9d8-4c57-b8e3-77de5960fb51&quot;&gt;
        &lt;isExecutable&gt;true&lt;/isExecutable&gt;
        &lt;orderIndex&gt;1&lt;/orderIndex&gt;
        &lt;rates type=&quot;sto.ClassicPeriodicDiscreteRate&quot; uuid=&quot;ad60af03-2202-4a32-b98a-2c1f29c19e1a&quot;&gt;
=======
      &lt;rootTaskHierarchyElements type=&quot;sto.Task&quot; uuid=&quot;f90ab065-82a9-40fd-a117-b16c0753ef4a&quot;&gt;
        &lt;isExecutable&gt;true&lt;/isExecutable&gt;
        &lt;orderIndex&gt;1&lt;/orderIndex&gt;
        &lt;rates type=&quot;sto.ClassicPeriodicDiscreteRate&quot; uuid=&quot;6ce22f68-3df0-48a8-aefd-d0cee8e0eb3a&quot;&gt;
>>>>>>> Stashed changes
          &lt;annotation&gt;D1&lt;/annotation&gt;
          &lt;clockId&gt;iii_LineFollow::defaultTimer&lt;/clockId&gt;
          &lt;description&gt;Discrete 1&lt;/description&gt;
          &lt;taskId&gt;_task0&lt;/taskId&gt;
<<<<<<< Updated upstream
          &lt;rateSpec type=&quot;sto.RateSpec&quot; uuid=&quot;2560ffe5-4c4d-4284-b916-73f4e59ffa57&quot;&gt;
=======
          &lt;rateSpec type=&quot;sto.RateSpec&quot; uuid=&quot;2dacbf57-e7f4-4a9f-b37a-eed02761f945&quot;&gt;
>>>>>>> Stashed changes
            &lt;period&gt;.01&lt;/period&gt;
            &lt;rateType&gt;ClassicPeriodicDiscrete&lt;/rateType&gt;
          &lt;/rateSpec&gt;
        &lt;/rates&gt;
        &lt;schedulingClockId&gt;iii_LineFollow::defaultTimer&lt;/schedulingClockId&gt;
        &lt;timeKeeperClockId&gt;iii_LineFollow::defaultTimer&lt;/timeKeeperClockId&gt;
        &lt;elementType&gt;Task&lt;/elementType&gt;
        &lt;identifier&gt;_task0&lt;/identifier&gt;
        &lt;priority&gt;40&lt;/priority&gt;
      &lt;/rootTaskHierarchyElements&gt;
<<<<<<< Updated upstream
      &lt;taskDependencyGraph type=&quot;sto.SerializedTaskConnectionList&quot; uuid=&quot;f54071f2-589b-4866-8ffe-8df4332bec14&quot;&gt;
        &lt;clockIdentifier&gt;iii_LineFollow::defaultTimer&lt;/clockIdentifier&gt;
        &lt;taskIdentifier&gt;_task0&lt;/taskIdentifier&gt;
      &lt;/taskDependencyGraph&gt;
      &lt;taskDependencyGraph type=&quot;sto.SerializedTaskConnectionList&quot; uuid=&quot;3ae5edb1-c2c9-4a4d-8c26-3b786cbe5589&quot;&gt;
=======
      &lt;taskDependencyGraph type=&quot;sto.SerializedTaskConnectionList&quot; uuid=&quot;17a05e60-0656-433b-873d-b13592706ea7&quot;&gt;
        &lt;clockIdentifier&gt;iii_LineFollow::defaultTimer&lt;/clockIdentifier&gt;
        &lt;taskIdentifier&gt;_task0&lt;/taskIdentifier&gt;
      &lt;/taskDependencyGraph&gt;
      &lt;taskDependencyGraph type=&quot;sto.SerializedTaskConnectionList&quot; uuid=&quot;fbb2e474-12ee-440a-b9a1-d2aab9779af0&quot;&gt;
>>>>>>> Stashed changes
        &lt;clockIdentifier&gt;ParameterChangeEvent&lt;/clockIdentifier&gt;
        &lt;taskIdentifier&gt;ModelWideParameterChangeEvent&lt;/taskIdentifier&gt;
      &lt;/taskDependencyGraph&gt;
      &lt;taskPriorityDirection&gt;HighNumberLast&lt;/taskPriorityDirection&gt;
    &lt;/taskRegistry&gt;
  &lt;/sto.Registry&gt;
&lt;/slexec_sto&gt;</timingAndTaskingRegistry>
<<<<<<< Updated upstream
    <FMUBlockMap type="ModelRefInfoRepo.FMUBlockInfo" uuid="1fcd86a8-442a-4540-859e-38901d6b332a"/>
    <codeGenInfo type="ModelRefInfoRepo.CodeGenInformation" uuid="78b60d43-41a5-4d1f-b836-146f7c582343"/>
    <compiledVariantInfos type="ModelRefInfoRepo.CompiledVariantInfoMap" uuid="f15d5a30-74f0-47b0-8b1c-14ae29d8e662"/>
    <configSettingsForConsistencyChecks type="ModelRefInfoRepo.ConfigSettingsForConsistencyChecks" uuid="de42b18d-e5e2-4286-9d40-792d5ba26b0c">
=======
    <FMUBlockMap type="ModelRefInfoRepo.FMUBlockInfo" uuid="4f36f66d-68b6-498d-9cc6-6fd950c76e36"/>
    <codeGenInfo type="ModelRefInfoRepo.CodeGenInformation" uuid="c825cbf5-0359-4842-ade3-272ba78ce64d"/>
    <compiledVariantInfos type="ModelRefInfoRepo.CompiledVariantInfoMap" uuid="2046f431-7291-4bf0-88fd-6371940e4962"/>
    <configSettingsForConsistencyChecks type="ModelRefInfoRepo.ConfigSettingsForConsistencyChecks" uuid="790e0009-9edf-431d-a6a5-2b66011dfff8">
>>>>>>> Stashed changes
      <consistentOutportInitialization>true</consistentOutportInitialization>
      <fixedStepSize>.01</fixedStepSize>
      <frameDiagnosticSetting>2</frameDiagnosticSetting>
      <hasHybridSampleTime>true</hasHybridSampleTime>
      <signalLoggingSaveFormat>2</signalLoggingSaveFormat>
      <simSIMDOptimization>1</simSIMDOptimization>
      <solverName>FixedStepDiscrete</solverName>
      <solverType>SOLVER_TYPE_FIXEDSTEP</solverType>
<<<<<<< Updated upstream
      <hardwareSettings type="ModelRefInfoRepo.HardwareSettings" uuid="39e62e87-216b-4f79-a4d6-11d108298f4a">
=======
      <hardwareSettings type="ModelRefInfoRepo.HardwareSettings" uuid="b7b6ece9-d686-41a2-ba95-6db4f62141d9">
>>>>>>> Stashed changes
        <prodBitPerChar>8</prodBitPerChar>
        <prodBitPerDouble>64</prodBitPerDouble>
        <prodBitPerFloat>32</prodBitPerFloat>
        <prodBitPerInt>32</prodBitPerInt>
        <prodBitPerLong>32</prodBitPerLong>
        <prodBitPerLongLong>64</prodBitPerLongLong>
        <prodBitPerPointer>32</prodBitPerPointer>
        <prodBitPerPtrDiffT>32</prodBitPerPtrDiffT>
        <prodBitPerShort>16</prodBitPerShort>
        <prodBitPerSizeT>32</prodBitPerSizeT>
        <prodEndianess>1</prodEndianess>
        <prodLargestAtomicFloat>1</prodLargestAtomicFloat>
        <prodLargestAtomicInteger>3</prodLargestAtomicInteger>
        <prodShiftRight>true</prodShiftRight>
        <prodWordSize>32</prodWordSize>
      </hardwareSettings>
    </configSettingsForConsistencyChecks>
<<<<<<< Updated upstream
    <controllableInputRatesMap type="ModelRefInfoRepo.VarTsUIDMap" uuid="8c0c64d3-6695-4e7b-b72b-6b8b2183387f"/>
    <controllableOutputRatesMap type="ModelRefInfoRepo.VarTsUIDMap" uuid="4244015d-4f81-4ec8-9723-1101d39da0eb"/>
    <dataPortGroup type="ModelRefInfoRepo.DataPortGroup" uuid="9800b955-e9ac-4bdc-a436-43f8814ac2f5"/>
    <expFcnUnconnectedDataPortGroup type="ModelRefInfoRepo.DataPortGroup" uuid="4a30f4ea-b8e8-47ff-b456-cbe1cec48053"/>
    <interfaceParameterInfo type="ModelRefInfoRepo.InterfaceParameterInfo" uuid="9fa0754f-30c6-4ae8-87c5-dcce17744d75"/>
    <messageInfo type="ModelRefInfoRepo.MessageInformation" uuid="6b358bdc-c8f9-45ff-accf-4e65859f105b"/>
    <methodInfo type="ModelRefInfoRepo.MethodExistenceInfo" uuid="485a63c8-ac39-4315-afdf-dc32983f0dbf">
=======
    <controllableInputRatesMap type="ModelRefInfoRepo.VarTsUIDMap" uuid="09dcd8e0-0e84-42dc-83fe-e704613dc7f3"/>
    <controllableOutputRatesMap type="ModelRefInfoRepo.VarTsUIDMap" uuid="eed9c9c7-1595-4dd1-a27f-a3beffd5e7f4"/>
    <dataPortGroup type="ModelRefInfoRepo.DataPortGroup" uuid="d31c5158-7176-4792-a2b4-3b5caadf168f"/>
    <expFcnUnconnectedDataPortGroup type="ModelRefInfoRepo.DataPortGroup" uuid="64582199-b3b1-4728-8e4e-98fa37f3a0fb"/>
    <interfaceParameterInfo type="ModelRefInfoRepo.InterfaceParameterInfo" uuid="3eeb58c5-81e1-487a-ab39-4ca4ef169839"/>
    <messageInfo type="ModelRefInfoRepo.MessageInformation" uuid="8010dd91-7fbd-448a-b110-230d19cf02b0"/>
    <methodInfo type="ModelRefInfoRepo.MethodExistenceInfo" uuid="4ffdc869-dc14-458c-948d-148ac8c023bd">
>>>>>>> Stashed changes
      <hasSystemInitializeMethod>true</hasSystemInitializeMethod>
      <hasSystemResetMethod>true</hasSystemResetMethod>
      <hasTerminateMethod>true</hasTerminateMethod>
    </methodInfo>
<<<<<<< Updated upstream
    <periodicEventPortUnsupportedBlockInfo type="ModelRefInfoRepo.PeriodicEventPortUnsupportedBlockInfo" uuid="4f27b077-8224-4d1f-a553-d5a9a4c3615a"/>
    <portGroupsRequireSameRate type="ModelRefInfoRepo.PortGroupsRequireSameRate" uuid="06da0a26-457e-4a15-93b4-02811ea26c92">
      <DSMPortGroups type="ModelRefInfoRepo.NameToPortGroupIdxVectMap" uuid="0fc18896-7fb9-4105-86e9-44d1580c8814"/>
      <GlobalDSMPortGroups type="ModelRefInfoRepo.NameToPortGroupIdxVectMap" uuid="2fb8e4c7-c4e2-4383-a51f-3d804d949d6b"/>
      <mergedPortGroups type="ModelRefInfoRepo.NameToPortGroupIdxVectMap" uuid="a89761ae-f1c0-4174-b31d-e399f6d164fa"/>
    </portGroupsRequireSameRate>
    <rateBasedMdlGlobalDSMRateSpec type="ModelRefInfoRepo.GlobalDSMRateSpecMap" uuid="80c0e24a-4910-4e3e-af7f-cb321dd39b8d"/>
    <rateSpecOfGlobalDSMAccessedByDescExpFcnMdlMap type="ModelRefInfoRepo.GlobalDSMRateSpecMap" uuid="b71d766c-79b7-4c26-b6f8-c10180dfec4d"/>
    <rootBlockDiagramInterface type="ci.Model" uuid="567736d3-63c5-4f4e-945f-59d0b7bfed99">
      <p_RootComponentInterface type="ci.ComponentInterface" uuid="22eff365-fc71-44ae-bcf5-bba0a06c268c">
=======
    <periodicEventPortUnsupportedBlockInfo type="ModelRefInfoRepo.PeriodicEventPortUnsupportedBlockInfo" uuid="accd2b96-a4fe-4933-ad61-946bd7b299e1"/>
    <portGroupsRequireSameRate type="ModelRefInfoRepo.PortGroupsRequireSameRate" uuid="1a42d4b1-5959-45be-aff6-7a02648b3516">
      <DSMPortGroups type="ModelRefInfoRepo.NameToPortGroupIdxVectMap" uuid="342eecb5-56d8-48a8-90cf-75866f892c22"/>
      <GlobalDSMPortGroups type="ModelRefInfoRepo.NameToPortGroupIdxVectMap" uuid="a898e200-3382-4f02-8b5a-7c5de3c28ebf"/>
      <mergedPortGroups type="ModelRefInfoRepo.NameToPortGroupIdxVectMap" uuid="bf33cd6e-509d-4e9b-98be-b9910965ee68"/>
    </portGroupsRequireSameRate>
    <rateBasedMdlGlobalDSMRateSpec type="ModelRefInfoRepo.GlobalDSMRateSpecMap" uuid="ab9f7139-08de-494a-8ce6-93e290e165c3"/>
    <rateSpecOfGlobalDSMAccessedByDescExpFcnMdlMap type="ModelRefInfoRepo.GlobalDSMRateSpecMap" uuid="f81d2d65-3438-404b-83c0-ac4c5201bda9"/>
    <rootBlockDiagramInterface type="ci.Model" uuid="9a0aa02b-ae93-4f59-a6aa-63ca656feda6">
      <p_RootComponentInterface type="ci.ComponentInterface" uuid="2933f905-1866-4584-a711-b4cf79c12d89">
>>>>>>> Stashed changes
        <p_Name>iii_LineFollow</p_Name>
        <p_Type>ROOT</p_Type>
      </p_RootComponentInterface>
    </rootBlockDiagramInterface>
<<<<<<< Updated upstream
    <simulinkFunctions type="ModelRefInfoRepo.SimulinkFunctions" uuid="86e37843-514c-43cc-b02a-cca6cd8b1355">
=======
    <simulinkFunctions type="ModelRefInfoRepo.SimulinkFunctions" uuid="42f5cace-47d0-4fd7-91eb-da38e6d2906f">
>>>>>>> Stashed changes
      <compSimulinkFunctionCatalog></compSimulinkFunctionCatalog>
    </simulinkFunctions>
    <sltpContext type="sltp.mm.core.Context" uuid="21737c13-3a6d-401b-89d7-35652252a6e8">
      <priorityDirection>HighNumberLast</priorityDirection>
      <defaultEventBehavior type="sltp.mm.core.EventBehavior" uuid="82ae94c7-4e46-42d9-a688-518f22d3350b"/>
      <editorState type="sltp.mm.core.EditorState" uuid="3429ef35-ff8f-40e9-9e53-88ef0319603d">
        <isSynchronized>true</isSynchronized>
        <panelState type="sltp.mm.core.EditorPanelState" uuid="4d0a93cc-e9a0-4489-8f2d-c729ee71b0ac"/>
      </editorState>
      <rootTask type="sltp.mm.core.Task" uuid="43d659cc-a841-46b7-b84b-e6b2ecc2a427">
        <context type="sltp.mm.core.Context" uuid="21737c13-3a6d-401b-89d7-35652252a6e8"/>
        <explicit>false</explicit>
        <name>Default</name>
        <priority>-2147483648</priority>
        <subgraph type="sltp.mm.core.Graph" uuid="03498d6b-7bd7-4193-a1a9-489e7d5744d6">
          <tasks type="sltp.mm.core.Task" uuid="b714c69f-4b0f-4745-8c4d-c8ff53ff3ab1">
            <context type="sltp.mm.core.Context" uuid="21737c13-3a6d-401b-89d7-35652252a6e8"/>
            <explicit>false</explicit>
            <id>1</id>
            <isTimed>true</isTimed>
            <name>D1</name>
            <priority>40</priority>
            <rates type="sltp.mm.core.Rate" uuid="233abac9-4835-4a66-bffe-86f1b351afc4">
              <annotation>D1</annotation>
              <color>-12240129</color>
              <hasBlocks>true</hasBlocks>
              <identifier>ClassicPeriodicDiscrete0.010</identifier>
              <rateIndex>0</rateIndex>
              <rateSpec type="sltp.mm.core.RateSpec">
                <period>.01</period>
              </rateSpec>
              <sti>0</sti>
            </rates>
          </tasks>
        </subgraph>
      </rootTask>
    </sltpContext>
<<<<<<< Updated upstream
    <stateWriterToOwnerMap type="ModelRefInfoRepo.StateWriterInfo" uuid="239082d8-342b-43da-9393-298a80b7e031"/>
    <stoClientDataRegistry type="sto.ClientDataRegistry" uuid="94bc3f92-4952-4e54-8277-d31ce8266a69">
      <dataSets type="sto.ClientClockNamedDataSet" uuid="d598d6c7-5252-4667-9f80-4673c581a208">
        <tag>sltpEvents</tag>
      </dataSets>
      <dataSets type="sto.ClientTaskHierarchyElementNamedDataSet" uuid="9649808b-7e03-4218-8521-bc824b6c1978">
        <tag>sltpTaskGroups</tag>
      </dataSets>
      <dataSets type="sto.ClientTaskHierarchyElementNamedDataSet" uuid="5936f5cd-720b-4391-9079-37651b8e6f0a">
        <dSet type="ModelRefInfoRepo.SltpTaskData" uuid="66e081c9-b030-4dd4-a2d4-d78145aa4c10"/>
        <tSet type="ModelRefInfoRepo.SltpTaskData" uuid="66e081c9-b030-4dd4-a2d4-d78145aa4c10">
          <dataName>D1</dataName>
          <linkedSet type="sto.ClientTaskHierarchyElementNamedDataSet" uuid="5936f5cd-720b-4391-9079-37651b8e6f0a"/>
=======
    <stateWriterToOwnerMap type="ModelRefInfoRepo.StateWriterInfo" uuid="158a4c78-df3e-45b9-9ef6-2c5bc9cbf274"/>
    <stoClientDataRegistry type="sto.ClientDataRegistry" uuid="0e757a0a-aa94-4af7-a0ee-ce0f6b30f0c9">
      <dataSets type="sto.ClientClockNamedDataSet" uuid="fd17da63-6625-415c-af54-7ccd5dddac06">
        <tag>sltpEvents</tag>
      </dataSets>
      <dataSets type="sto.ClientTaskHierarchyElementNamedDataSet" uuid="985ef7d4-56a3-47b1-8694-8f5b19a9c982">
        <tag>sltpTaskGroups</tag>
      </dataSets>
      <dataSets type="sto.ClientTaskHierarchyElementNamedDataSet" uuid="ecda9e96-00d1-41a1-8bc0-228300982719">
        <dSet type="ModelRefInfoRepo.SltpTaskData" uuid="76e6b766-4ec5-4b9f-8c51-d4b3f153fd39"/>
        <tSet type="ModelRefInfoRepo.SltpTaskData" uuid="76e6b766-4ec5-4b9f-8c51-d4b3f153fd39">
          <dataName>D1</dataName>
          <linkedSet type="sto.ClientTaskHierarchyElementNamedDataSet" uuid="ecda9e96-00d1-41a1-8bc0-228300982719"/>
>>>>>>> Stashed changes
          <id type="sto.TaskHierarchyElementId">
            <clockId>iii_LineFollow::defaultTimer</clockId>
            <id>_task0</id>
          </id>
        </tSet>
        <tag>sltpTasks</tag>
      </dataSets>
    </stoClientDataRegistry>
<<<<<<< Updated upstream
    <varTsUIDMap type="ModelRefInfoRepo.VarTsUIDMap" uuid="b032d50d-9d16-4be3-9052-bf5fdb6f9499"/>
=======
    <varTsUIDMap type="ModelRefInfoRepo.VarTsUIDMap" uuid="706498bf-fe53-4ae3-a5c5-8f9320cc717d"/>
>>>>>>> Stashed changes
  </ModelRefInfoRepo.ModelRefInfoRoot>
</MF0>